{"type":"FeatureCollection","name":"highlands_road_centerlines","metadata":{"source":"NJOGIS NG911 Road Centerlines (Tran_road)","url":"https://services2.arcgis.com/XVOqAjTOJ5P6ngMu/arcgis/rest/services/Tran_road/FeatureServer/0","query_url":"https://services2.arcgis.com/XVOqAjTOJ5P6ngMu/arcgis/rest/services/Tran_road/FeatureServer/0/query","retrieved_at_utc":"2026-09-04T20:05:16.170022+00:00","source_last_edit_date":1785341586960,"out_sr":4326,"query_envelope_wgs84":[-74.0050561,40.3889225,-73.9787221,40.4114573],"spatial_relationship":"esriSpatialRelIntersects","boundary_file":"highlands_boundary.geojson","boundary_sha256":"f1921a98d18d2409bf2470c3d5de4e1e87c0d6dc98ee8762bad0a4f9d821d979","fields":["OBJECTID","PRIMENAME","ELEVTYP_F","ELEVTYP_T"],"feature_count":443,"complete_objectid_inventory_verified":true,"municipal_clipping":"Envelope selection only; clip against the actual municipal boundary in the application."},"features":[{"type":"Feature","id":187,"properties":{"OBJECTID":187,"PRIMENAME":"FR CR 36 SB TO HIGHLAND AVE","ELEVTYP_F":0,"ELEVTYP_T":0},"geometry":{"type":"LineString","coordinates":[[-73.981607073554,40.3964839874929],[-73.9816666527936,40.3964382407627],[-73.981716826656,40.3964223234486],[-73.9817259945506,40.3964206902461],[-73.981825966168,40.3963941127094]]}},{"type":"Feature","id":208,"properties":{"OBJECTID":208,"PRIMENAME":"Unnamed Segment","ELEVTYP_F":0,"ELEVTYP_T":0},"geometry":{"type":"LineString","coordinates":[[-73.9822944219236,40.3899151942638],[-73.98227142186,40.390024194321],[-73.9822584196029,40.3901371938598],[-73.9822524234969,40.3901841932017],[-73.9822594211462,40.3902741942925],[-73.9822814210472,40.3903391931444],[-73.9823334218307,40.3903881939775],[-73.9823994219131,40.3904051936498],[-73.9824994223588,40.3904011947429],[-73.9825974208786,40.3903621931989],[-73.9828434206352,40.3901981940138],[-73.9828734224494,40.3901821940618],[-73.9829284200366,40.3901521945944],[-73.9830504223655,40.3900861942336],[-73.9832694221779,40.389995194857]]}},{"type":"Feature","id":209,"properties":{"OBJECTID":209,"PRIMENAME":"Unnamed Segment","ELEVTYP_F":0,"ELEVTYP_T":0},"geometry":{"type":"LineString","coordinates":[[-73.9840235707261,40.3955889754437],[-73.9840284230249,40.3952441960168],[-73.9840224227315,40.3950061942609],[-73.9839914234097,40.3948081955629],[-73.9839314212358,40.3945381943313]]}},{"type":"Feature","id":1805,"properties":{"OBJECTID":1805,"PRIMENAME":"Unnamed Segment","ELEVTYP_F":0,"ELEVTYP_T":0},"geometry":{"type":"LineString","coordinates":[[-73.9832694221779,40.389995194857],[-73.983383420488,40.3899491940871],[-73.9834494212063,40.3899421937207],[-73.9836594229139,40.3899201940246],[-73.9837294232451,40.389922194374],[-73.9839554220648,40.3899451941535],[-73.9840174234364,40.3899471946576],[-73.9840594212768,40.389942193442],[-73.9841024217309,40.389924194096],[-73.9841244228605,40.3899041934915],[-73.9841404212343,40.3898741932803],[-73.9841414231427,40.3898561929881],[-73.9841154203513,40.3898141943671],[-73.9840584220815,40.389786193949],[-73.9836144233838,40.3896761943269],[-73.9835304222973,40.3896631930636],[-73.9833904210052,40.38965919298],[-73.9831304220249,40.3896761944141],[-73.9830464212054,40.3896811939597]]}},{"type":"Feature","id":1859,"properties":{"OBJECTID":1859,"PRIMENAME":"Mathews Street","ELEVTYP_F":0,"ELEVTYP_T":0},"geometry":{"type":"LineString","coordinates":[[-74.0000813293472,40.4067089491794],[-74.0000712557742,40.4067405028176],[-73.9998201917376,40.4075279633954],[-73.9997882355994,40.407624263088]]}},{"type":"Feature","id":2670,"properties":{"OBJECTID":2670,"PRIMENAME":"Park Way","ELEVTYP_F":0,"ELEVTYP_T":0},"geometry":{"type":"LineString","coordinates":[[-73.9965154248508,40.3997521951177],[-73.9965234250194,40.3996841945451],[-73.9965234281402,40.3995801956092],[-73.9965064263307,40.3994571947321],[-73.9964924279213,40.3994161950878],[-73.9964374263345,40.3993261966733],[-73.9964014257203,40.3992911958432],[-73.9963174270815,40.3992311966589],[-73.9962464253757,40.3992001961731],[-73.9961604260784,40.3991691951419],[-73.9959134256977,40.3990971957505],[-73.9958312955624,40.3990813295219],[-73.9958254267768,40.3990801952424],[-73.99570842611,40.3990501953091]]}},{"type":"Feature","id":3000,"properties":{"OBJECTID":3000,"PRIMENAME":"Mohawk Avenue","ELEVTYP_F":0,"ELEVTYP_T":0},"geometry":{"type":"LineString","coordinates":[[-74.0009977918484,40.4026752161069],[-74.0010718551251,40.4026823157383],[-74.0019066459278,40.4027621757146],[-74.0027913847827,40.4028327183672],[-74.0028249089017,40.4028396155296],[-74.002840523638,40.402850169741],[-74.0028570713861,40.402870499925],[-74.0028676671657,40.4028945376772],[-74.002874362522,40.4029215794116]]}},{"type":"Feature","id":3994,"properties":{"OBJECTID":3994,"PRIMENAME":"FR NJ 36 NB TO CO 8 WB","ELEVTYP_F":0,"ELEVTYP_T":0},"geometry":{"type":"LineString","coordinates":[[-74.0016792674395,40.4048381782416],[-74.0018404784072,40.4049524464895],[-74.0022190684839,40.4051876078735],[-74.0023475059573,40.4052526448549]]}},{"type":"Feature","id":4223,"properties":{"OBJECTID":4223,"PRIMENAME":"Thompson Street","ELEVTYP_F":0,"ELEVTYP_T":0},"geometry":{"type":"LineString","coordinates":[[-73.9820073806315,40.3951756079109],[-73.9821332618922,40.3951984194125],[-73.9823014319551,40.3952182237344],[-73.9824571063885,40.3952379998056],[-73.9826627254278,40.3952436690044],[-73.9827444995677,40.3952459288796]]}},{"type":"Feature","id":4493,"properties":{"OBJECTID":4493,"PRIMENAME":"Barberie Avenue","ELEVTYP_F":0,"ELEVTYP_T":0},"geometry":{"type":"LineString","coordinates":[[-73.9923801288956,40.4034416797641],[-73.9923017322935,40.4035525422712],[-73.9919023066892,40.4041171966549]]}},{"type":"Feature","id":5083,"properties":{"OBJECTID":5083,"PRIMENAME":"John Street","ELEVTYP_F":0,"ELEVTYP_T":0},"geometry":{"type":"LineString","coordinates":[[-73.9845275688217,40.4009277032439],[-73.984345431439,40.4007977310179],[-73.9842277924437,40.4007138087245]]}},{"type":"Feature","id":7270,"properties":{"OBJECTID":7270,"PRIMENAME":"Marine Place","ELEVTYP_F":0,"ELEVTYP_T":0},"geometry":{"type":"LineString","coordinates":[[-73.9893860400233,40.4067145353676],[-73.9894260497941,40.4067329121979],[-73.9899084306192,40.4069339558996]]}},{"type":"Feature","id":7549,"properties":{"OBJECTID":7549,"PRIMENAME":"Bayside Drive","ELEVTYP_F":0,"ELEVTYP_T":0},"geometry":{"type":"LineString","coordinates":[[-74.0000813293472,40.4067089491794],[-74.0001529647438,40.4067438209812],[-74.0003157578846,40.4068397259826],[-74.0004900667308,40.4069565447545],[-74.0006526847633,40.4070762776848],[-74.0007146452404,40.4071182161147]]}},{"type":"Feature","id":10070,"properties":{"OBJECTID":10070,"PRIMENAME":"Unnamed Segment","ELEVTYP_F":0,"ELEVTYP_T":0},"geometry":{"type":"LineString","coordinates":[[-73.9833418476107,40.3901222263793],[-73.9833064226957,40.3900591950877],[-73.9832694221779,40.389995194857]]}},{"type":"Feature","id":10294,"properties":{"OBJECTID":10294,"PRIMENAME":"Bay Avenue","ELEVTYP_F":0,"ELEVTYP_T":0},"geometry":{"type":"LineString","coordinates":[[-73.981773693358,40.3972676518333],[-73.9817789132208,40.3972106357565],[-73.9817793785643,40.3971499417638],[-73.9817901692716,40.3971148884943],[-73.981795469676,40.3970845470964],[-73.9817993404321,40.3970730558752],[-73.9818021215973,40.3970613817674]]}},{"type":"Feature","id":12029,"properties":{"OBJECTID":12029,"PRIMENAME":"Delaware Avenue","ELEVTYP_F":0,"ELEVTYP_T":0},"geometry":{"type":"LineString","coordinates":[[-74.0026786644573,40.4041944100153],[-74.0040523876375,40.4043012226932],[-74.00418324025,40.4043113639929],[-74.0043142313602,40.4042976513451],[-74.004439046076,40.4042838562383],[-74.0045702816194,40.4042367899867],[-74.0048980310824,40.4041235304401],[-74.00578281455,40.4038177695269],[-74.005933510861,40.40376570618]]}},{"type":"Feature","id":18333,"properties":{"OBJECTID":18333,"PRIMENAME":"Willow Street","ELEVTYP_F":0,"ELEVTYP_T":0},"geometry":{"type":"LineString","coordinates":[[-74.0008175392568,40.4087161236317],[-74.0007817520871,40.4087526720388],[-74.0006205239514,40.4089375195276],[-74.00061195881,40.4089473391476],[-74.000567797852,40.4090186322652],[-74.0005361817918,40.4090836381441]]}},{"type":"Feature","id":20477,"properties":{"OBJECTID":20477,"PRIMENAME":"Waterwitch Avenue","ELEVTYP_F":0,"ELEVTYP_T":0},"geometry":{"type":"LineString","coordinates":[[-73.9931380995899,40.4058638211282],[-73.9928611511642,40.406262026665],[-73.9924756192643,40.4068016806481]]}},{"type":"Feature","id":20560,"properties":{"OBJECTID":20560,"PRIMENAME":"Barberie Avenue","ELEVTYP_F":0,"ELEVTYP_T":0},"geometry":{"type":"LineString","coordinates":[[-73.9905676360639,40.4060209400268],[-73.9900583460385,40.4067262593002],[-73.9899084306192,40.4069339558996]]}},{"type":"Feature","id":21246,"properties":{"OBJECTID":21246,"PRIMENAME":"Oneida Avenue","ELEVTYP_F":0,"ELEVTYP_T":0},"geometry":{"type":"LineString","coordinates":[[-74.0027860116206,40.4035141541206],[-74.0024997491151,40.4034939534925],[-74.0012536218784,40.4033979950748],[-74.0011706107079,40.4033915981859]]}},{"type":"Feature","id":22840,"properties":{"OBJECTID":22840,"PRIMENAME":"Fay Street","ELEVTYP_F":0,"ELEVTYP_T":0},"geometry":{"type":"LineString","coordinates":[[-74.0005361817918,40.4090836381441],[-74.0004475315738,40.4092659456409],[-74.0002006767562,40.4097652937308]]}},{"type":"Feature","id":27980,"properties":{"OBJECTID":27980,"PRIMENAME":"Linden Avenue","ELEVTYP_F":0,"ELEVTYP_T":0},"geometry":{"type":"LineString","coordinates":[[-73.9974230466523,40.4040408533133],[-73.9970716232823,40.4040097860781],[-73.9969695062699,40.4040058960167]]}},{"type":"Feature","id":28233,"properties":{"OBJECTID":28233,"PRIMENAME":"FR CR 36 SB TO HIGHLAND AVE","ELEVTYP_F":0,"ELEVTYP_T":0},"geometry":{"type":"LineString","coordinates":[[-73.981482381035,40.3966647961547],[-73.9814821871591,40.3966584806091],[-73.9814822906866,40.3966521638201],[-73.9814826914833,40.3966458539716],[-73.9814833890296,40.3966395592383],[-73.981484382422,40.3966332877755],[-73.9814856703733,40.3966270477083],[-73.9814872512148,40.396620847121],[-73.9814891228984,40.3966146940468],[-73.981491282999,40.3966085964576],[-73.981493728718,40.3966025622531],[-73.9814964568869,40.3965965992509],[-73.981499463971,40.3965907151765],[-73.9815027460743,40.396584917653],[-73.9815062989448,40.3965792141916],[-73.9815101179793,40.3965736121814],[-73.9815141982299,40.3965681188801]]}},{"type":"Feature","id":37449,"properties":{"OBJECTID":37449,"PRIMENAME":"Locust Street","ELEVTYP_F":0,"ELEVTYP_T":0},"geometry":{"type":"LineString","coordinates":[[-73.9999981197757,40.4082042343705],[-73.9996214851396,40.4081304898484]]}},{"type":"Feature","id":37911,"properties":{"OBJECTID":37911,"PRIMENAME":"Huddy Avenue","ELEVTYP_F":0,"ELEVTYP_T":0},"geometry":{"type":"LineString","coordinates":[[-73.99119488611,40.407470345558],[-73.9912314806072,40.4074177722637],[-73.9917672129019,40.406648025095],[-73.9918387489719,40.4065474821314]]}},{"type":"Feature","id":38412,"properties":{"OBJECTID":38412,"PRIMENAME":"Ontario Avenue","ELEVTYP_F":0,"ELEVTYP_T":0},"geometry":{"type":"LineString","coordinates":[[-74.0009977918484,40.4026752161069],[-74.0009619671908,40.40236727347]]}},{"type":"Feature","id":41727,"properties":{"OBJECTID":41727,"PRIMENAME":"Cheerful Place","ELEVTYP_F":0,"ELEVTYP_T":0},"geometry":{"type":"LineString","coordinates":[[-73.991859312403,40.4053314945218],[-73.9912282785083,40.4050721017406]]}},{"type":"Feature","id":43328,"properties":{"OBJECTID":43328,"PRIMENAME":"Miller Street","ELEVTYP_F":0,"ELEVTYP_T":0},"geometry":{"type":"LineString","coordinates":[[-73.9878664613815,40.3996231597121],[-73.9878197527077,40.3997122532774],[-73.9878034306214,40.3997433657051],[-73.9877977205373,40.3997766389449],[-73.9877974685957,40.3998098823234],[-73.9878081211208,40.3998446276403],[-73.9878313601518,40.3998863474379],[-73.9878618361501,40.3999350441338],[-73.9878778575353,40.3999767319536],[-73.9878793423911,40.4000225280643],[-73.9878754366588,40.4000640997062],[-73.9878533218805,40.4001014459442],[-73.9878167097701,40.4001470453904],[-73.9876667729793,40.4003017301604],[-73.987579799326,40.4003952240674],[-73.9873798668798,40.4006101406666]]}},{"type":"Feature","id":43688,"properties":{"OBJECTID":43688,"PRIMENAME":"East Twin Road","ELEVTYP_F":0,"ELEVTYP_T":0},"geometry":{"type":"LineString","coordinates":[[-73.9940124259119,40.3998611952426],[-73.9936564259692,40.3997751953785],[-73.9935954254795,40.399766196518],[-73.9934954250623,40.3997611949695],[-73.9933554246141,40.3997681956592],[-73.9932844260318,40.3997811951404],[-73.9932264256129,40.3998061949598],[-73.9931924262705,40.3998351961262],[-73.9931554250777,40.3998781963132],[-73.9931224257425,40.3999401959617],[-73.9930484263514,40.4001411965641],[-73.9929814256244,40.4002601955287],[-73.9929044236167,40.4003341950487],[-73.9927074248443,40.4004811956354],[-73.992656423781,40.4005381950572],[-73.9925534254793,40.4007521967347]]}},{"type":"Feature","id":43750,"properties":{"OBJECTID":43750,"PRIMENAME":"Valley Street","ELEVTYP_F":0,"ELEVTYP_T":0},"geometry":{"type":"LineString","coordinates":[[-73.988446457484,40.4016833900869],[-73.9880071173616,40.4021341782924],[-73.9879520157212,40.4021933937501]]}},{"type":"Feature","id":44310,"properties":{"OBJECTID":44310,"PRIMENAME":"Shore Drive","ELEVTYP_F":0,"ELEVTYP_T":0},"geometry":{"type":"LineString","coordinates":[[-74.0011089804906,40.4083589462409],[-74.0015537857017,40.4086247739905],[-74.0024496602083,40.4091601601313]]}},{"type":"Feature","id":44813,"properties":{"OBJECTID":44813,"PRIMENAME":"Kielgart Avenue","ELEVTYP_F":0,"ELEVTYP_T":0},"geometry":{"type":"LineString","coordinates":[[-73.9900264246609,40.4045891971887],[-73.9894734261182,40.4053761967643]]}},{"type":"Feature","id":45029,"properties":{"OBJECTID":45029,"PRIMENAME":"Shore Drive","ELEVTYP_F":0,"ELEVTYP_T":0},"geometry":{"type":"LineString","coordinates":[[-73.998705054564,40.4070105207609],[-73.9985444275174,40.4072641977014],[-73.9977944289888,40.4085751974239],[-73.9977754291463,40.4086271971535],[-73.9977754293763,40.4086491980073],[-73.997787426844,40.408682197359],[-73.9978294269578,40.408713197903],[-73.9981524279643,40.4088191970926]]}},{"type":"Feature","id":45366,"properties":{"OBJECTID":45366,"PRIMENAME":"Miller Street","ELEVTYP_F":0,"ELEVTYP_T":0},"geometry":{"type":"LineString","coordinates":[[-73.9856116973025,40.4024983983045],[-73.9853082797521,40.4028218590413],[-73.9851082644078,40.4030350870297]]}},{"type":"Feature","id":46153,"properties":{"OBJECTID":46153,"PRIMENAME":"Hillside Avenue","ELEVTYP_F":0,"ELEVTYP_T":0},"geometry":{"type":"LineString","coordinates":[[-73.9854704248797,40.3944161949408],[-73.9854744209396,40.3945691949882],[-73.9854574213796,40.3946261948729],[-73.9853784226561,40.3948871954061],[-73.9853074212799,40.3951231945063]]}},{"type":"Feature","id":46531,"properties":{"OBJECTID":46531,"PRIMENAME":"Prospect Street","ELEVTYP_F":0,"ELEVTYP_T":0},"geometry":{"type":"LineString","coordinates":[[-73.989451091632,40.3981902197742],[-73.9894890210632,40.3981981012386],[-73.989551639277,40.3981983776797],[-73.9896625173932,40.3981841803186],[-73.9898216914804,40.3981553992968],[-73.9899663403113,40.3981339662731],[-73.9901013940462,40.3981087855153],[-73.9902170919841,40.3980982321591],[-73.9903181806203,40.3981060351288],[-73.9904913801192,40.3981362809526],[-73.9909195159194,40.3982044079947],[-73.9911648925605,40.3982387046178],[-73.991410251446,40.3982802472097],[-73.9915834985919,40.3982994290192],[-73.9917182750382,40.3983110850241],[-73.9918483038291,40.3983190138652],[-73.9919734775413,40.3983232421059],[-73.9921510561796,40.3983252299217]]}},{"type":"Feature","id":46607,"properties":{"OBJECTID":46607,"PRIMENAME":"Shrewsbury Avenue","ELEVTYP_F":0,"ELEVTYP_T":0},"geometry":{"type":"LineString","coordinates":[[-73.983914568552,40.3985508977157],[-73.9847892433,40.3991124235443],[-73.9848176766648,40.3991318753044]]}},{"type":"Feature","id":46951,"properties":{"OBJECTID":46951,"PRIMENAME":"Grand Tour","ELEVTYP_F":0,"ELEVTYP_T":0},"geometry":{"type":"LineString","coordinates":[[-73.9869021436157,40.3928793790384],[-73.9866514214149,40.3929631950864],[-73.9866179070495,40.392987052936]]}},{"type":"Feature","id":47811,"properties":{"OBJECTID":47811,"PRIMENAME":"Windlass Path","ELEVTYP_F":0,"ELEVTYP_T":0},"geometry":{"type":"LineString","coordinates":[[-73.9982684254277,40.3998541967216],[-73.998260427753,40.399794195463],[-73.998269427172,40.3996641943928],[-73.998268426467,40.3995761955081],[-73.9982504272942,40.3995191950189],[-73.9982154268927,40.3994711947203],[-73.9981864265846,40.3994521959113],[-73.9981224279542,40.3994291949502],[-73.9979024263713,40.3993771950611],[-73.9977514273164,40.3993301958422],[-73.9975284276134,40.3992701962246],[-73.9972484272154,40.3991791950284],[-73.9970934263188,40.3991441948198]]}},{"type":"Feature","id":47960,"properties":{"OBJECTID":47960,"PRIMENAME":"Cornwell Street","ELEVTYP_F":0,"ELEVTYP_T":0},"geometry":{"type":"LineString","coordinates":[[-73.9847689290018,40.4020125957446],[-73.9842635753217,40.402541696077],[-73.9841445739214,40.4025651853426]]}},{"type":"Feature","id":48339,"properties":{"OBJECTID":48339,"PRIMENAME":"Mountain Street","ELEVTYP_F":0,"ELEVTYP_T":0},"geometry":{"type":"LineString","coordinates":[[-73.9921510561796,40.3983252299217],[-73.9921638367639,40.3982824064753],[-73.9922009340301,40.3982290937608],[-73.9922960357849,40.3981162186712],[-73.9923420128904,40.3980613246425],[-73.9923654373675,40.3980021048745],[-73.9923597273995,40.3979305958272],[-73.992347733232,40.3978685843829],[-73.992323173881,40.3978160438644],[-73.9922736591761,40.3977729468802],[-73.9922704748862,40.3977712360881]]}},{"type":"Feature","id":48662,"properties":{"OBJECTID":48662,"PRIMENAME":"Shrewsbury Avenue","ELEVTYP_F":0,"ELEVTYP_T":0},"geometry":{"type":"LineString","coordinates":[[-73.9836990675032,40.3987658979345],[-73.983914568552,40.3985508977157]]}},{"type":"Feature","id":49343,"properties":{"OBJECTID":49343,"PRIMENAME":"Valley Street","ELEVTYP_F":0,"ELEVTYP_T":0},"geometry":{"type":"LineString","coordinates":[[-73.9874571510661,40.4027250808131],[-73.9870201474978,40.4032164205953],[-73.9869878835117,40.4032518275691]]}},{"type":"Feature","id":49442,"properties":{"OBJECTID":49442,"PRIMENAME":"Waddell Avenue","ELEVTYP_F":0,"ELEVTYP_T":0},"geometry":{"type":"LineString","coordinates":[[-73.9937539442949,40.4022474087508],[-73.993724299739,40.4023170885938],[-73.9937101654685,40.4023503531501],[-73.9936902688056,40.4023971804531],[-73.9931840726021,40.4031241880123],[-73.9931409121304,40.4031861214753]]}},{"type":"Feature","id":51322,"properties":{"OBJECTID":51322,"PRIMENAME":"Bluff Edge Drive","ELEVTYP_F":0,"ELEVTYP_T":0},"geometry":{"type":"LineString","coordinates":[[-73.99570842611,40.3990501953091],[-73.9955744265514,40.3991271957533],[-73.9955501030948,40.3991444567263],[-73.995481426967,40.399193194366],[-73.9954184262147,40.3992291964319],[-73.9953064265007,40.3992841962062],[-73.9952164263937,40.3993161958445],[-73.9950914246596,40.3993321948818],[-73.9947084254612,40.3993151956336],[-73.9946594253955,40.3993191956041],[-73.9945994253503,40.39933319594],[-73.9945474257045,40.3993521946557],[-73.994361425257,40.3994661944079]]}},{"type":"Feature","id":52067,"properties":{"OBJECTID":52067,"PRIMENAME":"Shore Drive","ELEVTYP_F":0,"ELEVTYP_T":0},"geometry":{"type":"LineString","coordinates":[[-73.9929647085488,40.4037697932097],[-73.9932676215721,40.4039397842207],[-73.9935702926581,40.4041086196543]]}},{"type":"Feature","id":53008,"properties":{"OBJECTID":53008,"PRIMENAME":"Grand Tour Road","ELEVTYP_F":0,"ELEVTYP_T":0},"geometry":{"type":"LineString","coordinates":[[-74.0013468439342,40.3906606531262],[-74.0013105518152,40.3906651259283],[-74.0012590190633,40.3906863435005],[-74.0011886045269,40.3907217818233],[-74.0010334663584,40.3908390716086],[-74.0009203517233,40.3909636810621],[-74.0007252870734,40.3912075159458]]}},{"type":"Feature","id":53205,"properties":{"OBJECTID":53205,"PRIMENAME":"Jackson Street","ELEVTYP_F":0,"ELEVTYP_T":0},"geometry":{"type":"LineString","coordinates":[[-73.9851074035887,40.4004286904731],[-73.985046065552,40.400481536273],[-73.9845275688217,40.4009277032439]]}},{"type":"Feature","id":54883,"properties":{"OBJECTID":54883,"PRIMENAME":"Linden Avenue","ELEVTYP_F":0,"ELEVTYP_T":0},"geometry":{"type":"LineString","coordinates":[[-73.9938231404368,40.4035703857929],[-73.9937913089037,40.4035533909368],[-73.9933590473312,40.4033218098359],[-73.9931596555772,40.4032006157015],[-73.9931409121304,40.4031861214753]]}},{"type":"Feature","id":55222,"properties":{"OBJECTID":55222,"PRIMENAME":"Shore Drive","ELEVTYP_F":0,"ELEVTYP_T":0},"geometry":{"type":"LineString","coordinates":[[-73.983914568552,40.3985508977157],[-73.9819791138384,40.3973126298942]]}},{"type":"Feature","id":55893,"properties":{"OBJECTID":55893,"PRIMENAME":"Ocean Boulevard","ELEVTYP_F":0,"ELEVTYP_T":0},"geometry":{"type":"LineString","coordinates":[[-74.004496114498,40.4062179617286],[-74.004430803604,40.4061862170238],[-74.0042863212902,40.4061159294833],[-74.004213387021,40.4060804476346],[-74.0039709802551,40.4059792917946],[-74.003635170101,40.4058634872746],[-74.0034852557441,40.4058146701189]]}},{"type":"Feature","id":56626,"properties":{"OBJECTID":56626,"PRIMENAME":"Cedar Street","ELEVTYP_F":0,"ELEVTYP_T":0},"geometry":{"type":"LineString","coordinates":[[-73.9898953972811,40.4024669188582],[-73.9898942277281,40.4024885732273],[-73.9898876897823,40.402503176207],[-73.989842201803,40.4025497260229],[-73.9896587774789,40.4027403362504]]}},{"type":"Feature","id":56788,"properties":{"OBJECTID":56788,"PRIMENAME":"Linden Avenue","ELEVTYP_F":0,"ELEVTYP_T":0},"geometry":{"type":"LineString","coordinates":[[-73.9970184260949,40.4046121963779],[-73.9972344283639,40.4046941953145],[-73.9972654275905,40.4047321957647],[-73.9972874275005,40.4047911960627],[-73.9973204279261,40.4049101962721]]}},{"type":"Feature","id":58032,"properties":{"OBJECTID":58032,"PRIMENAME":"Unnamed Segment","ELEVTYP_F":0,"ELEVTYP_T":0},"geometry":{"type":"LineString","coordinates":[[-74.0057678380624,40.4057882641822],[-74.0051297582435,40.4057055634818],[-74.004989711127,40.4060332649001],[-74.0050386144647,40.4061218631904],[-74.0053575180186,40.406182154136],[-74.0061001531368,40.4062737176304]]}},{"type":"Feature","id":59040,"properties":{"OBJECTID":59040,"PRIMENAME":"Cedar Street","ELEVTYP_F":0,"ELEVTYP_T":0},"geometry":{"type":"LineString","coordinates":[[-73.9890306496417,40.4035013142658],[-73.9890377599566,40.4035160666698],[-73.9890687121211,40.4035448078136],[-73.9890933078519,40.4035877960286],[-73.9890930202008,40.4036258423518]]}},{"type":"Feature","id":60262,"properties":{"OBJECTID":60262,"PRIMENAME":"Cedar Street","ELEVTYP_F":0,"ELEVTYP_T":0},"geometry":{"type":"LineString","coordinates":[[-73.9896587774789,40.4027403362504],[-73.9894112509826,40.4029980302173]]}},{"type":"Feature","id":60977,"properties":{"OBJECTID":60977,"PRIMENAME":"Shore Drive","ELEVTYP_F":0,"ELEVTYP_T":0},"geometry":{"type":"LineString","coordinates":[[-73.985854578637,40.3997662805514],[-73.9861295776348,40.3999238183975],[-73.986588978867,40.4001736923201],[-73.9869716929106,40.4003848946778],[-73.9873028808182,40.400567661013],[-73.9873798668798,40.4006101406666]]}},{"type":"Feature","id":61375,"properties":{"OBJECTID":61375,"PRIMENAME":"Waterwitch Avenue","ELEVTYP_F":0,"ELEVTYP_T":0},"geometry":{"type":"LineString","coordinates":[[-73.9938043750981,40.4049058241977],[-73.9931380995899,40.4058638211282]]}},{"type":"Feature","id":62903,"properties":{"OBJECTID":62903,"PRIMENAME":"Robin Road","ELEVTYP_F":0,"ELEVTYP_T":0},"geometry":{"type":"LineString","coordinates":[[-74.0023524272064,40.4056451961663],[-74.0023764305694,40.4057221971297],[-74.0024034282997,40.4057851960939],[-74.0024594291064,40.4058551971517],[-74.0025244282183,40.4059071970513],[-74.0026014284681,40.4059581974923],[-74.0028964288129,40.4061321965267],[-74.0031094278109,40.406240197405],[-74.0031964286756,40.406272195464],[-74.0032884276999,40.406282196952]]}},{"type":"Feature","id":63710,"properties":{"OBJECTID":63710,"PRIMENAME":"North Peak Street","ELEVTYP_F":0,"ELEVTYP_T":0},"geometry":{"type":"LineString","coordinates":[[-73.9924212712069,40.3986955581043],[-73.992451988611,40.3986836144258],[-73.9925678950372,40.3986489836672],[-73.9927113124002,40.3986061308401]]}},{"type":"Feature","id":65235,"properties":{"OBJECTID":65235,"PRIMENAME":"Kay Street","ELEVTYP_F":0,"ELEVTYP_T":0},"geometry":{"type":"LineString","coordinates":[[-73.9832642767572,40.4003107441884],[-73.9833892618834,40.4002978245591],[-73.983892261903,40.4002448380051],[-73.9839501275993,40.4002330447829],[-73.9839817343503,40.4002224799088],[-73.9840098485976,40.4002132440991],[-73.9840362644881,40.4001959300534],[-73.9840662715366,40.4001692986743],[-73.9841244840589,40.4001166862239]]}},{"type":"Feature","id":66495,"properties":{"OBJECTID":66495,"PRIMENAME":"South 2nd Street","ELEVTYP_F":0,"ELEVTYP_T":0},"geometry":{"type":"LineString","coordinates":[[-73.9836990675032,40.3987658979345],[-73.9837621945159,40.3988077417093],[-73.9841963349933,40.3990956149367],[-73.984512607264,40.3993115321145],[-73.9845767413867,40.3993532151146]]}},{"type":"Feature","id":68401,"properties":{"OBJECTID":68401,"PRIMENAME":"Sea Drift Avenue","ELEVTYP_F":0,"ELEVTYP_T":0},"geometry":{"type":"LineString","coordinates":[[-73.9906399578141,40.4048302706508],[-73.9902617864371,40.4053784320309],[-73.9899808407426,40.4057760375446]]}},{"type":"Feature","id":68493,"properties":{"OBJECTID":68493,"PRIMENAME":"Ocean Boulevard","ELEVTYP_F":0,"ELEVTYP_T":0},"geometry":{"type":"LineString","coordinates":[[-74.005226929728,40.4067464821263],[-74.0051155232612,40.4066207711923],[-74.0050040742231,40.4065154018502],[-74.0048811435123,40.4064283049803],[-74.0048552427983,40.406409954282],[-74.0047166129083,40.4063311200382],[-74.0046441419549,40.4062899105665],[-74.0045848182313,40.4062610763525]]}},{"type":"Feature","id":69287,"properties":{"OBJECTID":69287,"PRIMENAME":"William Street","ELEVTYP_F":0,"ELEVTYP_T":0},"geometry":{"type":"LineString","coordinates":[[-73.9966574256774,40.4046561961093],[-73.9972074276014,40.4048561960547],[-73.9973204279261,40.4049101962721]]}},{"type":"Feature","id":70268,"properties":{"OBJECTID":70268,"PRIMENAME":"Shore Drive","ELEVTYP_F":0,"ELEVTYP_T":0},"geometry":{"type":"LineString","coordinates":[[-73.9923801288956,40.4034416797641],[-73.9923860650142,40.4034450282905],[-73.9929647085488,40.4037697932097]]}},{"type":"Feature","id":71110,"properties":{"OBJECTID":71110,"PRIMENAME":"Portland Road","ELEVTYP_F":0,"ELEVTYP_T":0},"geometry":{"type":"LineString","coordinates":[[-73.9840706379043,40.3901606440943],[-73.9842034006145,40.3902082319266],[-73.9844271990386,40.3902902401267],[-73.9846506708542,40.3904103760728],[-73.984948598317,40.3905785548178],[-73.9850665642911,40.390636234107],[-73.9852280046184,40.3907179909752],[-73.9853832357382,40.390794915053],[-73.9855260088047,40.3908718105152],[-73.9856252338295,40.3909389868948],[-73.9857492305881,40.3910253255619],[-73.9858917148089,40.3911403227992],[-73.9860277709686,40.3912839227359],[-73.9861761037332,40.3914514053779],[-73.9863057337987,40.3916140016137],[-73.9864107376448,40.3917431339095],[-73.9864726278964,40.3918006176267],[-73.9865408382514,40.391848577153],[-73.9866341089851,40.3918775956929],[-73.9867399469818,40.3918923407073],[-73.9868708445879,40.3918976977458],[-73.9870205920827,40.3918745338333],[-73.9870362874469,40.3918738045891],[-73.9871694553286,40.3918676125066],[-73.9872076403036,40.3918658382584],[-73.987357387617,40.3918426739084],[-73.9874697973797,40.3918193438796],[-73.9875823513559,40.3917721599457],[-73.9877324594439,40.3917013400751],[-73.9878764284498,40.3916209685182],[-73.9880634883313,40.391506252394]]}},{"type":"Feature","id":71545,"properties":{"OBJECTID":71545,"PRIMENAME":"Hillside Avenue","ELEVTYP_F":0,"ELEVTYP_T":0},"geometry":{"type":"LineString","coordinates":[[-73.9812345770643,40.3954920219504],[-73.9813206536905,40.3954950154439],[-73.9819210273663,40.3955158368284]]}},{"type":"Feature","id":71931,"properties":{"OBJECTID":71931,"PRIMENAME":"Barberie Avenue","ELEVTYP_F":0,"ELEVTYP_T":0},"geometry":{"type":"LineString","coordinates":[[-73.9919023066892,40.4041171966549],[-73.9912934831131,40.404977872641],[-73.9912282785083,40.4050721017406]]}},{"type":"Feature","id":72655,"properties":{"OBJECTID":72655,"PRIMENAME":"West North Street","ELEVTYP_F":0,"ELEVTYP_T":0},"geometry":{"type":"LineString","coordinates":[[-73.9864099911906,40.4006496494877],[-73.9863972051203,40.4006924992686],[-73.9863280080878,40.4007732019125],[-73.9861143129653,40.4010057833918],[-73.9860683798412,40.401072862583]]}},{"type":"Feature","id":72865,"properties":{"OBJECTID":72865,"PRIMENAME":"William Street","ELEVTYP_F":0,"ELEVTYP_T":0},"geometry":{"type":"LineString","coordinates":[[-73.9973204279261,40.4049101962721],[-73.9974184283838,40.4049511970717],[-73.9974474289764,40.4049591965275],[-73.9975754276828,40.4049771964005]]}},{"type":"Feature","id":74087,"properties":{"OBJECTID":74087,"PRIMENAME":"Cornwell Street","ELEVTYP_F":0,"ELEVTYP_T":0},"geometry":{"type":"LineString","coordinates":[[-73.9841445739214,40.4025651853426],[-73.9840512499971,40.402583628389],[-73.9836188945906,40.4028724380033]]}},{"type":"Feature","id":75090,"properties":{"OBJECTID":75090,"PRIMENAME":"Washington Avenue","ELEVTYP_F":0,"ELEVTYP_T":0},"geometry":{"type":"LineString","coordinates":[[-73.990499846827,40.4071817061904],[-73.9905133918532,40.4071855269514],[-73.990528186974,40.4071855921427],[-73.9905393262899,40.4071847072598],[-73.9905542422337,40.4071734357134],[-73.9905691724993,40.4071555760403],[-73.9908624695967,40.4067441329982],[-73.9911884087502,40.4062799886129]]}},{"type":"Feature","id":75949,"properties":{"OBJECTID":75949,"PRIMENAME":"Waterwitch Avenue","ELEVTYP_F":0,"ELEVTYP_T":0},"geometry":{"type":"LineString","coordinates":[[-73.994911197078,40.4040014939356],[-73.9948270747212,40.4040381310938],[-73.994745531478,40.4041045105339],[-73.9946080059517,40.4041610903342],[-73.9944515221467,40.4042366671697],[-73.9943576960524,40.4042791436457]]}},{"type":"Feature","id":76691,"properties":{"OBJECTID":76691,"PRIMENAME":"Center Street","ELEVTYP_F":0,"ELEVTYP_T":0},"geometry":{"type":"LineString","coordinates":[[-73.9842277924437,40.4007138087245],[-73.9841440524418,40.4002297095008],[-73.9841244840589,40.4001166862239]]}},{"type":"Feature","id":77046,"properties":{"OBJECTID":77046,"PRIMENAME":"Highland Avenue","ELEVTYP_F":0,"ELEVTYP_T":0},"geometry":{"type":"LineString","coordinates":[[-73.9827120466653,40.3966761785573],[-73.982813036389,40.3966825051858],[-73.9833052444947,40.3967133100268],[-73.9833737136054,40.3967231411485],[-73.9834544210721,40.3967664092072],[-73.983735601934,40.3969650010657]]}},{"type":"Feature","id":77186,"properties":{"OBJECTID":77186,"PRIMENAME":"Serpentine Drive","ELEVTYP_F":0,"ELEVTYP_T":0},"geometry":{"type":"LineString","coordinates":[[-74.000056428214,40.4027391968586],[-73.9998834284417,40.4024581951349],[-73.9998664272134,40.4024051953859],[-73.999845426825,40.4023011966059],[-73.9998464284851,40.4021231962888],[-73.9998864269399,40.4020101964427],[-73.9999434283446,40.4018731950557]]}},{"type":"Feature","id":78635,"properties":{"OBJECTID":78635,"PRIMENAME":"4th Street","ELEVTYP_F":0,"ELEVTYP_T":0},"geometry":{"type":"LineString","coordinates":[[-73.9889270824403,40.4035352772602],[-73.9888819195562,40.4035106288223],[-73.9874912445379,40.4027514478045],[-73.9874571510661,40.4027250808131]]}},{"type":"Feature","id":79153,"properties":{"OBJECTID":79153,"PRIMENAME":"Ontario Avenue","ELEVTYP_F":0,"ELEVTYP_T":0},"geometry":{"type":"LineString","coordinates":[[-74.001206940099,40.4040935825836],[-74.0012111041624,40.4040888784827],[-74.0012300948602,40.4040508299404],[-74.0012369400929,40.4039650733582],[-74.0012350323612,40.4039255350696]]}},{"type":"Feature","id":79654,"properties":{"OBJECTID":79654,"PRIMENAME":"Water Witch Drive","ELEVTYP_F":0,"ELEVTYP_T":0},"geometry":{"type":"LineString","coordinates":[[-73.9949406108986,40.4039145466027],[-73.994911197078,40.4040014939356]]}},{"type":"Feature","id":80509,"properties":{"OBJECTID":80509,"PRIMENAME":"Valley Street","ELEVTYP_F":0,"ELEVTYP_T":0},"geometry":{"type":"LineString","coordinates":[[-73.9879520157212,40.4021933937501],[-73.9874571510661,40.4027250808131]]}},{"type":"Feature","id":80875,"properties":{"OBJECTID":80875,"PRIMENAME":"Grand Tour Road","ELEVTYP_F":0,"ELEVTYP_T":0},"geometry":{"type":"LineString","coordinates":[[-74.0007252870734,40.3912075159458],[-74.0006183513468,40.3913412653839],[-74.0005571836724,40.3913982100873],[-74.000486750627,40.3914407854963],[-74.0004022895627,40.3914868965251],[-74.0002896393348,40.3915435916273],[-74.0002050355622,40.3916040311317],[-74.0001249779436,40.3916858760045],[-74.0000401902831,40.3917712957385],[-73.999960042766,40.3918603038233],[-73.9998421242807,40.3920027628877],[-73.9997620655549,40.392084633616],[-73.9996868221664,40.3921414899379],[-73.9996070276336,40.3921876205682],[-73.9995318910551,40.3922301750335],[-73.9994474812024,40.392269147979],[-73.9993537177243,40.3923009148477],[-73.9992598849317,40.3923469574373],[-73.9991706657288,40.3924001836493],[-73.9990574654998,40.3925355247329],[-73.9989255068,40.3926779481352],[-73.9987700949978,40.3928310044923],[-73.9986524122894,40.3929412617368],[-73.9985914260215,40.3929731700857],[-73.9985258005145,40.3930014899349],[-73.9984179973985,40.3930331960525],[-73.9981931039446,40.3931001081112],[-73.9980714148298,40.3931210476988],[-73.9979684220637,40.3931384711614],[-73.9978702641582,40.393138044965],[-73.997767483817,40.3931268656442],[-73.9976554747432,40.3931013700457],[-73.9976121936543,40.3930845894654],[-73.9975715576902,40.3930688326848],[-73.9974878366083,40.3930148554028],[-73.9974134686176,40.3929537270759],[-73.9973578937413,40.3928855968333],[-73.9973303501371,40.3928139930518],[-73.9972896111247,40.392638675067],[-73.9972582503939,40.3924526630697],[-73.9972545125155,40.3923275771881],[-73.9972364193369,40.3922452535788],[-73.9972043245116,40.3921628961051],[-73.997148918142,40.3920625666867],[-73.9971074708563,40.3919873331312],[-73.9970837435541,40.3919381583876],[-73.9970798214796,40.3919300310365],[-73.9970787849648,40.3919270156778]]}},{"type":"Feature","id":81008,"properties":{"OBJECTID":81008,"PRIMENAME":"Woodland Street","ELEVTYP_F":0,"ELEVTYP_T":0},"geometry":{"type":"LineString","coordinates":[[-73.989059987164,40.3989756129648],[-73.9891143493135,40.3989376947589],[-73.9892655960886,40.3988322078231],[-73.9893656246106,40.3987618519236],[-73.989393562722,40.3987425394396],[-73.9894029860219,40.3987213060827],[-73.9894288531141,40.398671897594],[-73.9894558484953,40.3986014658881]]}},{"type":"Feature","id":81924,"properties":{"OBJECTID":81924,"PRIMENAME":"Chestnut Street","ELEVTYP_F":0,"ELEVTYP_T":0},"geometry":{"type":"LineString","coordinates":[[-73.9876237634727,40.3963221792565],[-73.9876201994112,40.3960439405929]]}},{"type":"Feature","id":82072,"properties":{"OBJECTID":82072,"PRIMENAME":"Kielgart Avenue","ELEVTYP_F":0,"ELEVTYP_T":0},"geometry":{"type":"LineString","coordinates":[[-73.9912743725299,40.4028196825368],[-73.9907051053098,40.4036244737314]]}},{"type":"Feature","id":82614,"properties":{"OBJECTID":82614,"PRIMENAME":"Ontario Avenue","ELEVTYP_F":0,"ELEVTYP_T":0},"geometry":{"type":"LineString","coordinates":[[-74.0012350323612,40.4039255350696],[-74.0012261327899,40.4037410218653],[-74.0012084449996,40.4036027267984],[-74.0011906519991,40.4034834825446],[-74.0011706107079,40.4033915981859]]}},{"type":"Feature","id":82672,"properties":{"OBJECTID":82672,"PRIMENAME":"Shrewsbury Avenue","ELEVTYP_F":0,"ELEVTYP_T":0},"geometry":{"type":"LineString","coordinates":[[-73.9848176766648,40.3991318753044],[-73.9850558988998,40.399294708841],[-73.9853661800597,40.3994819655958],[-73.9856516543279,40.3996500319736],[-73.985854578637,40.3997662805514]]}},{"type":"Feature","id":82822,"properties":{"OBJECTID":82822,"PRIMENAME":"Ocean Street","ELEVTYP_F":0,"ELEVTYP_T":0},"geometry":{"type":"LineString","coordinates":[[-73.9840834216002,40.395588194146],[-73.9841048816446,40.3957743833412],[-73.9841298792606,40.3959473029323],[-73.9841645553096,40.396122544314],[-73.9842378158462,40.3963182717759],[-73.9842739186494,40.3964947821789],[-73.9843102397928,40.396637912132],[-73.9843589486027,40.3967858734179],[-73.9844075100184,40.3969576632161],[-73.9844749980162,40.3970961829861],[-73.9845105128587,40.3971568446627],[-73.9846596267588,40.3974115471692],[-73.9847514980281,40.3975684854916]]}},{"type":"Feature","id":83012,"properties":{"OBJECTID":83012,"PRIMENAME":"Twin Light Road","ELEVTYP_F":0,"ELEVTYP_T":0},"geometry":{"type":"LineString","coordinates":[[-73.9870181314991,40.3967879839371],[-73.9870121668019,40.3967459839386]]}},{"type":"Feature","id":83514,"properties":{"OBJECTID":83514,"PRIMENAME":"South Peak Street","ELEVTYP_F":0,"ELEVTYP_T":0},"geometry":{"type":"LineString","coordinates":[[-73.9877693550829,40.3984215838246],[-73.9877499804202,40.3983296721261],[-73.98762968829,40.3977572124642],[-73.9875969599445,40.3976082813402],[-73.9875573562175,40.3974280485336],[-73.9875395532933,40.3973088290709],[-73.9875402038927,40.3972230187554],[-73.9875404731135,40.3972206044258]]}},{"type":"Feature","id":84381,"properties":{"OBJECTID":84381,"PRIMENAME":"Riker Street","ELEVTYP_F":0,"ELEVTYP_T":0},"geometry":{"type":"LineString","coordinates":[[-73.9825558805449,40.3946938836433],[-73.9824738345329,40.3946804490469],[-73.9820255922216,40.3946069580389]]}},{"type":"Feature","id":84496,"properties":{"OBJECTID":84496,"PRIMENAME":"Shore Drive","ELEVTYP_F":0,"ELEVTYP_T":0},"geometry":{"type":"LineString","coordinates":[[-73.9918336792732,40.4031341556826],[-73.9923801288956,40.4034416797641]]}},{"type":"Feature","id":84996,"properties":{"OBJECTID":84996,"PRIMENAME":"Oneida Avenue","ELEVTYP_F":0,"ELEVTYP_T":0},"geometry":{"type":"LineString","coordinates":[[-74.0047769452464,40.4034424023901],[-74.004756878483,40.4034464062588],[-74.0046443506248,40.4034888317133],[-74.0045005518065,40.4035453973278],[-74.0043567864025,40.4035972138221],[-74.0042506816103,40.4036158102267],[-74.0041446109135,40.4036249355321],[-74.0039764150903,40.4036098849167],[-74.0034344097732,40.4035599299117],[-74.0027860116206,40.4035141541206]]}},{"type":"Feature","id":85167,"properties":{"OBJECTID":85167,"PRIMENAME":"Hillside Avenue","ELEVTYP_F":0,"ELEVTYP_T":0},"geometry":{"type":"LineString","coordinates":[[-73.9819210273663,40.3955158368284],[-73.9827414625348,40.3955442873421],[-73.9828224696438,40.3955669396807]]}},{"type":"Feature","id":86497,"properties":{"OBJECTID":86497,"PRIMENAME":"Recreation Place","ELEVTYP_F":0,"ELEVTYP_T":0},"geometry":{"type":"LineString","coordinates":[[-73.9918387489719,40.4065474821314],[-73.9915630285597,40.4064374239866]]}},{"type":"Feature","id":86910,"properties":{"OBJECTID":86910,"PRIMENAME":"Highland Avenue","ELEVTYP_F":0,"ELEVTYP_T":0},"geometry":{"type":"LineString","coordinates":[[-73.989059987164,40.3989756129648],[-73.9896010186648,40.3992099960484],[-73.9898743674694,40.3993351189339],[-73.9900171991854,40.3994119820165],[-73.99015364012,40.3994983968729],[-73.990277658302,40.3995847306877],[-73.9903519823105,40.399651793169],[-73.9903968481443,40.3996922892343]]}},{"type":"Feature","id":86939,"properties":{"OBJECTID":86939,"PRIMENAME":"Laurel Drive","ELEVTYP_F":0,"ELEVTYP_T":0},"geometry":{"type":"LineString","coordinates":[[-74.0006294268355,40.4060101972742],[-74.0008224276763,40.4059761974472],[-74.0008764300035,40.4059461960436],[-74.0008907655036,40.4059038179068],[-74.0008701978324,40.4057719878208],[-74.00087277887,40.4056656458345],[-74.0009035191404,40.4055141393499]]}},{"type":"Feature","id":86992,"properties":{"OBJECTID":86992,"PRIMENAME":"Serpentine Drive","ELEVTYP_F":0,"ELEVTYP_T":0},"geometry":{"type":"LineString","coordinates":[[-73.9982684254277,40.3998541967216],[-73.9977934260234,40.3998171951701],[-73.9977484255468,40.3998171942542],[-73.997656426683,40.3998201945367],[-73.9975204262582,40.3998361952485],[-73.9971464275018,40.3998981952729],[-73.9970184272436,40.3999071952688],[-73.9969314285917,40.3999051956447],[-73.9968734253313,40.3998971950541],[-73.9965854273803,40.3998381951017]]}},{"type":"Feature","id":88476,"properties":{"OBJECTID":88476,"PRIMENAME":"Valley Street","ELEVTYP_F":0,"ELEVTYP_T":0},"geometry":{"type":"LineString","coordinates":[[-73.9869878835117,40.4032518275691],[-73.9869496093771,40.4032938248785],[-73.9862907789061,40.4040167184341],[-73.9861463014544,40.4041752404794]]}},{"type":"Feature","id":89526,"properties":{"OBJECTID":89526,"PRIMENAME":"Unnamed Segment","ELEVTYP_F":0,"ELEVTYP_T":0},"geometry":{"type":"LineString","coordinates":[[-73.998478427184,40.4082461963737],[-73.9989584292084,40.4074181971623],[-73.9990797172308,40.4072224612926]]}},{"type":"Feature","id":89783,"properties":{"OBJECTID":89783,"PRIMENAME":"Linden Avenue","ELEVTYP_F":0,"ELEVTYP_T":0},"geometry":{"type":"LineString","coordinates":[[-73.9988206878745,40.4041660034348],[-73.9988098147149,40.4041650772794],[-73.9982428890598,40.4041149629019],[-73.9979835476,40.4040913265884]]}},{"type":"Feature","id":91194,"properties":{"OBJECTID":91194,"PRIMENAME":"Atlantic Street","ELEVTYP_F":0,"ELEVTYP_T":0},"geometry":{"type":"LineString","coordinates":[[-73.9900600756936,40.4033279244728],[-73.9898410907778,40.4036340042693],[-73.9891352577233,40.4046364953481],[-73.9891183349334,40.4046608072403],[-73.9885995131506,40.4054062025898]]}},{"type":"Feature","id":94253,"properties":{"OBJECTID":94253,"PRIMENAME":"Grand Tour","ELEVTYP_F":0,"ELEVTYP_T":0},"geometry":{"type":"LineString","coordinates":[[-73.988006295301,40.3950237636839],[-73.987765475541,40.3946409273229],[-73.9875437907784,40.3942824971001],[-73.9873405232376,40.3939622786025],[-73.9872790277558,40.3938523914128],[-73.9872427379845,40.3937044854448],[-73.9872310746733,40.3935995691757],[-73.9872193032037,40.3935137298414],[-73.9871888633023,40.3934135064078],[-73.9871274034094,40.3932988701961],[-73.9870411733122,40.393160268742],[-73.9870266900745,40.3931386016717],[-73.9869549075817,40.3930312201826],[-73.9869117928112,40.3929595169331],[-73.9868934860679,40.392911779981],[-73.9868999493365,40.3928832312589],[-73.9869021436157,40.3928793790384]]}},{"type":"Feature","id":94556,"properties":{"OBJECTID":94556,"PRIMENAME":"Shore Drive","ELEVTYP_F":0,"ELEVTYP_T":0},"geometry":{"type":"LineString","coordinates":[[-73.9941635835363,40.4044403064954],[-73.9949686492116,40.40489565215],[-73.9954255191841,40.4051567071991]]}},{"type":"Feature","id":94846,"properties":{"OBJECTID":94846,"PRIMENAME":"Light House Road","ELEVTYP_F":0,"ELEVTYP_T":0},"geometry":{"type":"LineString","coordinates":[[-73.9847514980281,40.3975684854916],[-73.9849246933498,40.3975845473119],[-73.9851334336562,40.3976009869039],[-73.9853248769804,40.3976018391725],[-73.9854466835665,40.3976001584819],[-73.9855888972993,40.3975919244124],[-73.9856134059334,40.3975892882837]]}},{"type":"Feature","id":96526,"properties":{"OBJECTID":96526,"PRIMENAME":"Linden Avenue","ELEVTYP_F":0,"ELEVTYP_T":0},"geometry":{"type":"LineString","coordinates":[[-73.9966574256774,40.4046561961093],[-73.9967374261518,40.4046121967536],[-73.9967864254715,40.4045981969885],[-73.9968404277118,40.4045951959902],[-73.9970184260949,40.4046121963779]]}},{"type":"Feature","id":97177,"properties":{"OBJECTID":97177,"PRIMENAME":"FR RT 36 NB to CO 8","ELEVTYP_F":0,"ELEVTYP_T":0},"geometry":{"type":"LineString","coordinates":[[-73.9823769584619,40.3969552894431],[-73.9827337823124,40.3971765537393],[-73.9827599047134,40.3972068682243],[-73.9827649979118,40.3972311029712],[-73.9827621402254,40.3972572511424],[-73.9827540354779,40.3972794238244],[-73.9827381356014,40.3972974709189],[-73.9827143090195,40.3973094977835],[-73.9826852519766,40.3973153795784],[-73.9826588984413,40.3973152616749],[-73.9826273340394,40.3973110576536],[-73.9825642549442,40.3972866174761],[-73.9820672158109,40.3970337885427],[-73.981907120578,40.3969562852894],[-73.9817783020736,40.3969162193852]]}},{"type":"Feature","id":98824,"properties":{"OBJECTID":98824,"PRIMENAME":"Spring Street","ELEVTYP_F":0,"ELEVTYP_T":0},"geometry":{"type":"LineString","coordinates":[[-73.9845767413867,40.3993532151146],[-73.9846091049207,40.3993235193023],[-73.9847941358426,40.3991535128155],[-73.9848176766648,40.3991318753044]]}},{"type":"Feature","id":99216,"properties":{"OBJECTID":99216,"PRIMENAME":"Navesink Avenue","ELEVTYP_F":0,"ELEVTYP_T":0},"geometry":{"type":"LineString","coordinates":[[-74.005309602347,40.4047741637317],[-74.0052669271872,40.4047956406746],[-74.0052073976933,40.4048631087909],[-74.0051178814248,40.4049896900333],[-74.0050120584408,40.4052048416301]]}},{"type":"Feature","id":99589,"properties":{"OBJECTID":99589,"PRIMENAME":"Miller Street","ELEVTYP_F":0,"ELEVTYP_T":0},"geometry":{"type":"LineString","coordinates":[[-73.9851082644078,40.4030350870297],[-73.9849379287199,40.4032166893593]]}},{"type":"Feature","id":100516,"properties":{"OBJECTID":100516,"PRIMENAME":"Bayside Drive","ELEVTYP_F":0,"ELEVTYP_T":0},"geometry":{"type":"LineString","coordinates":[[-74.0007146452404,40.4071182161147],[-74.0012484053752,40.4074980360233],[-74.0017184416426,40.407832501775],[-74.0020867745037,40.4080022895047],[-74.002252071668,40.4080536694585],[-74.0024947640232,40.4081118956481],[-74.0027313861333,40.408155793044],[-74.0029244814863,40.4081852276824],[-74.0031195415018,40.4082017867724]]}},{"type":"Feature","id":102192,"properties":{"OBJECTID":102192,"PRIMENAME":"Coquette Lane","ELEVTYP_F":0,"ELEVTYP_T":0},"geometry":{"type":"LineString","coordinates":[[-73.9965984257533,40.4007621960429],[-73.9964024248509,40.4007791951012],[-73.9959364249173,40.4008091968476],[-73.9957404252832,40.4008311960533]]}},{"type":"Feature","id":102391,"properties":{"OBJECTID":102391,"PRIMENAME":"Linden Avenue","ELEVTYP_F":0,"ELEVTYP_T":0},"geometry":{"type":"LineString","coordinates":[[-73.9969695062699,40.4040058960167],[-73.9969824272973,40.4041181973725],[-73.9970354277111,40.4042851961026],[-73.9970444271114,40.4043301961691],[-73.9970414277282,40.404402196609],[-73.9970184260949,40.4046121963779]]}},{"type":"Feature","id":104239,"properties":{"OBJECTID":104239,"PRIMENAME":"Washington Avenue","ELEVTYP_F":0,"ELEVTYP_T":0},"geometry":{"type":"LineString","coordinates":[[-73.9902923146269,40.4070939499318],[-73.9904664925562,40.4071665428268],[-73.990499846827,40.4071817061904]]}},{"type":"Feature","id":106296,"properties":{"OBJECTID":106296,"PRIMENAME":"Bayview Terrace","ELEVTYP_F":0,"ELEVTYP_T":0},"geometry":{"type":"LineString","coordinates":[[-73.993088426778,40.4008021954323],[-73.9929064251062,40.4008001950527],[-73.9925534254793,40.4007521967347]]}},{"type":"Feature","id":111869,"properties":{"OBJECTID":111869,"PRIMENAME":"Bayview Street","ELEVTYP_F":0,"ELEVTYP_T":0},"geometry":{"type":"LineString","coordinates":[[-73.991316703084,40.3993314525091],[-73.9912133463553,40.3992667892012],[-73.9905317438871,40.3988406484086]]}},{"type":"Feature","id":112597,"properties":{"OBJECTID":112597,"PRIMENAME":"Orchard Avenue","ELEVTYP_F":0,"ELEVTYP_T":0},"geometry":{"type":"LineString","coordinates":[[-74.0049685519541,40.4053185162695],[-74.0049337236068,40.4054095147703],[-74.0048763475993,40.4055513308703],[-74.0048199617924,40.4056811420262],[-74.004754936921,40.4058255002351],[-74.0047162011963,40.4059047708862],[-74.0046781734367,40.4059789009931],[-74.0046308977484,40.4060596805299],[-74.0046104770777,40.4060904760326],[-74.0045971631517,40.4061088875408],[-74.0045887101346,40.4061205758721],[-74.0045660479018,40.406150335932],[-74.0045249673139,40.4061911931216],[-74.004496114498,40.4062179617286]]}},{"type":"Feature","id":114250,"properties":{"OBJECTID":114250,"PRIMENAME":"South Peak Street","ELEVTYP_F":0,"ELEVTYP_T":0},"geometry":{"type":"LineString","coordinates":[[-73.9875404731135,40.3972206044258],[-73.9875463614038,40.3971703386545],[-73.9875468841829,40.3971658665803],[-73.987578591597,40.3970945231137],[-73.9877806777037,40.3967475237478],[-73.9879207429978,40.3965155460045]]}},{"type":"Feature","id":116047,"properties":{"OBJECTID":116047,"PRIMENAME":"Huddy Avenue","ELEVTYP_F":0,"ELEVTYP_T":0},"geometry":{"type":"LineString","coordinates":[[-73.9925111986686,40.4056026413834],[-73.9931470802782,40.4047096023498],[-73.9931885673879,40.4046506814181]]}},{"type":"Feature","id":116951,"properties":{"OBJECTID":116951,"PRIMENAME":"Coquette Lane","ELEVTYP_F":0,"ELEVTYP_T":0},"geometry":{"type":"LineString","coordinates":[[-73.9996594267852,40.4011121948797],[-73.9992994287181,40.4011751954927],[-73.9990984261417,40.4011961952246],[-73.9989644283447,40.4011951967783],[-73.9988604271486,40.4011761955614],[-73.9987654275067,40.4011441955786],[-73.998634427625,40.4010871952194],[-73.9985184282334,40.4010071961294],[-73.9984434252505,40.400936196544],[-73.9983894279334,40.4008671955949],[-73.9983614277746,40.4008231966483],[-73.9983304267856,40.4007601964398],[-73.9983094273083,40.4006981960989],[-73.9982584262274,40.4005891961635]]}},{"type":"Feature","id":118248,"properties":{"OBJECTID":118248,"PRIMENAME":"Marie Avenue","ELEVTYP_F":0,"ELEVTYP_T":0},"geometry":{"type":"LineString","coordinates":[[-73.9971337610765,40.4061259581863],[-73.9974144260964,40.4058551974467]]}},{"type":"Feature","id":119068,"properties":{"OBJECTID":119068,"PRIMENAME":"John Street","ELEVTYP_F":0,"ELEVTYP_T":0},"geometry":{"type":"LineString","coordinates":[[-73.9852827338984,40.4014665653761],[-73.9852258777314,40.4014259860425],[-73.9845275688217,40.4009277032439]]}},{"type":"Feature","id":120844,"properties":{"OBJECTID":120844,"PRIMENAME":"Huron Avenue","ELEVTYP_F":0,"ELEVTYP_T":0},"geometry":{"type":"LineString","coordinates":[[-74.0027860116206,40.4035141541206],[-74.0026883066201,40.4041333717759],[-74.0026786644573,40.4041944100153]]}},{"type":"Feature","id":121417,"properties":{"OBJECTID":121417,"PRIMENAME":"Mountain Street","ELEVTYP_F":0,"ELEVTYP_T":0},"geometry":{"type":"LineString","coordinates":[[-73.9922704748862,40.3977712360881],[-73.9921931952941,40.3977297418828],[-73.9920498990066,40.3976861509566],[-73.9919006422961,40.3976378386136],[-73.9917380812186,40.3975967429882],[-73.9915121810006,40.397536838804],[-73.9911901063568,40.3974507337422],[-73.9909257560448,40.397375917502],[-73.9905316852512,40.397252625823],[-73.990283019725,40.3971824344689],[-73.9900414665148,40.3971142499561],[-73.9895657379941,40.3969685516087],[-73.9894648182634,40.3969386235473],[-73.9893830123948,40.3969309049848],[-73.989334827773,40.396930692198],[-73.9892672609616,40.3969487858025],[-73.9892092116554,40.3969853701689],[-73.9891897389964,40.397009875289]]}},{"type":"Feature","id":122012,"properties":{"OBJECTID":122012,"PRIMENAME":"FR HIGHLAND AVE to RT 36 SB","ELEVTYP_F":0,"ELEVTYP_T":0},"geometry":{"type":"LineString","coordinates":[[-73.9827120466653,40.3966761785573],[-73.9826545531062,40.3967497659037],[-73.9826273105594,40.3968039536454],[-73.9826124978583,40.3968334149247],[-73.9825965613199,40.3968514897571],[-73.982578013738,40.3968634852767],[-73.982546304595,40.396873445887],[-73.9824856984584,40.3968731746592],[-73.9824461672375,40.3968729977299],[-73.9824171796388,40.396869370788]]}},{"type":"Feature","id":122049,"properties":{"OBJECTID":122049,"PRIMENAME":"Twin Light Avenue","ELEVTYP_F":0,"ELEVTYP_T":0},"geometry":{"type":"LineString","coordinates":[[-73.9856134059334,40.3975892882837],[-73.9856915544191,40.397615275382],[-73.9858318069464,40.3976619903789],[-73.985903322541,40.3976820459317],[-73.9859864501231,40.3976955648614],[-73.9860753363084,40.3977025211278],[-73.9861499301081,40.3977050763208],[-73.9862130677315,40.3977031331919],[-73.9862705286644,40.3976968273152],[-73.9863853446862,40.3976841879868],[-73.9864772539407,40.397671419798],[-73.9865749036159,40.3976543116117],[-73.9866436093635,40.3976381385063]]}},{"type":"Feature","id":122085,"properties":{"OBJECTID":122085,"PRIMENAME":"4th Street","ELEVTYP_F":0,"ELEVTYP_T":0},"geometry":{"type":"LineString","coordinates":[[-73.9874571510661,40.4027250808131],[-73.9874168463739,40.4026939362943],[-73.9869560048614,40.4024514301943],[-73.9861563602801,40.4020306284165],[-73.9860857242314,40.401993447635]]}},{"type":"Feature","id":125387,"properties":{"OBJECTID":125387,"PRIMENAME":"Elmore Street","ELEVTYP_F":0,"ELEVTYP_T":0},"geometry":{"type":"LineString","coordinates":[[-74.0005361817918,40.4090836381441],[-74.0006044416137,40.4091188787479],[-74.0012007540739,40.4094264673467]]}},{"type":"Feature","id":125507,"properties":{"OBJECTID":125507,"PRIMENAME":"Twin Light Court","ELEVTYP_F":0,"ELEVTYP_T":0},"geometry":{"type":"LineString","coordinates":[[-73.985484422842,40.3942531958627],[-73.9854704228209,40.3943441939512],[-73.9854704248797,40.3944161949408]]}},{"type":"Feature","id":125606,"properties":{"OBJECTID":125606,"PRIMENAME":"Laurel Drive","ELEVTYP_F":0,"ELEVTYP_T":0},"geometry":{"type":"LineString","coordinates":[[-74.0033934300447,40.4060281969995],[-74.0033820995892,40.4060618692465],[-74.0033724741411,40.4060889399097],[-74.0033621737379,40.4061158311471],[-74.0033512042231,40.4061425492882],[-74.0033393382438,40.4061690897538],[-74.0033268043894,40.406195288708],[-74.0032884276999,40.406282196952]]}},{"type":"Feature","id":126538,"properties":{"OBJECTID":126538,"PRIMENAME":"5th Street","ELEVTYP_F":0,"ELEVTYP_T":0},"geometry":{"type":"LineString","coordinates":[[-73.9869878835117,40.4032518275691],[-73.988036812368,40.4038290323456]]}},{"type":"Feature","id":130585,"properties":{"OBJECTID":130585,"PRIMENAME":"Waterwitch Avenue","ELEVTYP_F":0,"ELEVTYP_T":0},"geometry":{"type":"LineString","coordinates":[[-73.9941635835363,40.4044403064954],[-73.9941443730297,40.404459328659],[-73.9940502252322,40.4045447037239],[-73.9938043750981,40.4049058241977]]}},{"type":"Feature","id":130866,"properties":{"OBJECTID":130866,"PRIMENAME":"Unnamed Segment","ELEVTYP_F":0,"ELEVTYP_T":0},"geometry":{"type":"LineString","coordinates":[[-73.9827982544531,40.3959489811626],[-73.9826614208835,40.3959441945764],[-73.9826334218952,40.3959371956035],[-73.9826204204232,40.3959191948335],[-73.9826164210373,40.3958731955415],[-73.9826324216169,40.3956681944551],[-73.9826124206103,40.395644194709],[-73.9825774210144,40.3956331943668],[-73.9823164223505,40.3956181959184],[-73.9821984217393,40.3956121943714],[-73.9820654200822,40.3956171953097],[-73.9820144217245,40.3956271945662],[-73.9819934223272,40.3956461950165],[-73.981973421737,40.3956811953468],[-73.9819644216225,40.3957291952934],[-73.9819654214731,40.3958501947755]]}},{"type":"Feature","id":131226,"properties":{"OBJECTID":131226,"PRIMENAME":"Bayside Drive","ELEVTYP_F":0,"ELEVTYP_T":0},"geometry":{"type":"LineString","coordinates":[[-73.9980563911048,40.4060029883745],[-73.9980845601116,40.405986447892],[-73.9981220127959,40.4059818334607],[-73.9981749976549,40.4059844519299],[-73.9982122910438,40.4059965274605],[-73.9982994272961,40.4060183453384],[-73.9983802793706,40.4060449128892],[-73.9986381751262,40.4061580333597],[-73.9988835576186,40.4062734884243],[-73.9991135157138,40.4063721845682],[-73.9992130420588,40.4064035815113],[-73.9993685897482,40.4064447731398],[-73.9995009227511,40.4064880607382],[-73.9996757369871,40.4065364738304],[-73.9998154157888,40.4065965375745],[-74.0000172435932,40.4066777620788],[-74.0000813293472,40.4067089491794]]}},{"type":"Feature","id":132230,"properties":{"OBJECTID":132230,"PRIMENAME":"Delaware Avenue","ELEVTYP_F":0,"ELEVTYP_T":0},"geometry":{"type":"LineString","coordinates":[[-74.001206940099,40.4040935825836],[-74.0012734068217,40.404093869287],[-74.0014369462102,40.4040975664809],[-74.0016378763323,40.4041099897066],[-74.0018754661785,40.404132508198],[-74.0020288167904,40.404149694602],[-74.002239241888,40.4041600168493],[-74.0026255493664,40.4041902835757],[-74.0026786644573,40.4041944100153]]}},{"type":"Feature","id":132889,"properties":{"OBJECTID":132889,"PRIMENAME":"Unnamed Segment","ELEVTYP_F":0,"ELEVTYP_T":0},"geometry":{"type":"LineString","coordinates":[[-73.9982399287803,40.4067472327131],[-73.9981814274743,40.4068571965837],[-73.9981824270422,40.4068821973137],[-73.9982324272088,40.4069561957192],[-73.998225427029,40.4069941967104],[-73.9978784264352,40.4075981966721]]}},{"type":"Feature","id":133977,"properties":{"OBJECTID":133977,"PRIMENAME":"Serpentine Drive","ELEVTYP_F":0,"ELEVTYP_T":0},"geometry":{"type":"LineString","coordinates":[[-73.9965854273803,40.3998381951017],[-73.9965154248508,40.3997521951177]]}},{"type":"Feature","id":133982,"properties":{"OBJECTID":133982,"PRIMENAME":"Unnamed Segment","ELEVTYP_F":0,"ELEVTYP_T":0},"geometry":{"type":"LineString","coordinates":[[-74.0032884276999,40.406282196952],[-74.0034064291898,40.406312197105],[-74.0036934288425,40.4064001971353],[-74.0038144307832,40.4064371960249],[-74.0038544291641,40.406443197513],[-74.0038904292395,40.4064391964226],[-74.003915429191,40.4064291966891],[-74.0039524298033,40.4063981959453],[-74.003993428986,40.4063371957702],[-74.0040054283391,40.4062991960505],[-74.0039974285668,40.4062601972907],[-74.0039604290735,40.4062311973325],[-74.0039084308375,40.4062091967415],[-74.0038134290918,40.4061761957937],[-74.0033934300447,40.4060281969995]]}},{"type":"Feature","id":135525,"properties":{"OBJECTID":135525,"PRIMENAME":"Unnamed Segment","ELEVTYP_F":0,"ELEVTYP_T":0},"geometry":{"type":"LineString","coordinates":[[-73.9971814577446,40.4028797667539],[-73.9972100313184,40.4029803467723],[-73.9973228134726,40.4031701619068],[-73.9973464282915,40.4031961967401],[-73.9973464269141,40.4032381954534],[-73.9973394261073,40.4032871968489],[-73.9972424270875,40.4036271960296],[-73.9972394264561,40.4036841962937],[-73.9972464272638,40.4037211953663],[-73.9972694280105,40.403752197283],[-73.9973794269461,40.4038351967655],[-73.9974004269101,40.4038641968389],[-73.9974144267651,40.4039051963506],[-73.9974230466523,40.4040408533133]]}},{"type":"Feature","id":137496,"properties":{"OBJECTID":137496,"PRIMENAME":"Erie Road","ELEVTYP_F":0,"ELEVTYP_T":0},"geometry":{"type":"LineString","coordinates":[[-74.005933510861,40.40376570618],[-74.0058023224029,40.4037034894216],[-74.0055225413224,40.4036069810816],[-74.0052551499512,40.4035104980583],[-74.0050436036031,40.4034524109672],[-74.0049439569623,40.4034376542684],[-74.0049030879789,40.4034333255234],[-74.0048505223204,40.4034277560281],[-74.0047769452464,40.4034424023901]]}},{"type":"Feature","id":140543,"properties":{"OBJECTID":140543,"PRIMENAME":"Shore Drive","ELEVTYP_F":0,"ELEVTYP_T":0},"geometry":{"type":"LineString","coordinates":[[-73.9954255191841,40.4051567071991],[-73.995514949046,40.4052078008199],[-73.9961686749087,40.4055759747028],[-73.9962910461932,40.4056448917428],[-73.9969924587935,40.406053048203],[-73.997047529034,40.4060814634184]]}},{"type":"Feature","id":141651,"properties":{"OBJECTID":141651,"PRIMENAME":"FR NJ 36 NB TO CO 8 WB","ELEVTYP_F":0,"ELEVTYP_T":0},"geometry":{"type":"LineString","coordinates":[[-74.0010039481412,40.4043994787571],[-74.0016172444408,40.4047942145026],[-74.0016792674395,40.4048381782416]]}},{"type":"Feature","id":142153,"properties":{"OBJECTID":142153,"PRIMENAME":"Bayside Drive","ELEVTYP_F":0,"ELEVTYP_T":0},"geometry":{"type":"LineString","coordinates":[[-73.9977024254838,40.4060211959995],[-73.9978764292744,40.4061191957929],[-73.9979314267036,40.4061431971298],[-73.9979872344437,40.4061610550827]]}},{"type":"Feature","id":142957,"properties":{"OBJECTID":142957,"PRIMENAME":"Shore Drive","ELEVTYP_F":0,"ELEVTYP_T":0},"geometry":{"type":"LineString","coordinates":[[-73.9971337610765,40.4061259581863],[-73.9971601272738,40.4061395644557],[-73.9975450971868,40.4063509126429],[-73.9978324557974,40.4065148393046]]}},{"type":"Feature","id":143139,"properties":{"OBJECTID":143139,"PRIMENAME":"Shrewsbury Avenue","ELEVTYP_F":0,"ELEVTYP_T":0},"geometry":{"type":"LineString","coordinates":[[-73.9841445739214,40.4025651853426],[-73.98361951847,40.4020858980389],[-73.9835951453253,40.4020095282736],[-73.9834991478458,40.4015182093492],[-73.9834619453434,40.4013258273405]]}},{"type":"Feature","id":144891,"properties":{"OBJECTID":144891,"PRIMENAME":"Hartshorne Drive","ELEVTYP_F":0,"ELEVTYP_T":0},"geometry":{"type":"LineString","coordinates":[[-73.9781922672914,40.4036920804215],[-73.978200420559,40.403787197895],[-73.9782274196613,40.4043321976534],[-73.9782744204012,40.4050181973794],[-73.9783194203866,40.405364196974],[-73.9793414207311,40.4099931988824],[-73.979428420482,40.4103501981673],[-73.9795294215587,40.4107211977978],[-73.9795724206277,40.4108601979879],[-73.9795725241616,40.410860523585],[-73.979656421492,40.4111261991028],[-73.9798304218345,40.4116181973616],[-73.9799974216224,40.412049198626]]}},{"type":"Feature","id":146792,"properties":{"OBJECTID":146792,"PRIMENAME":"Serpentine Drive","ELEVTYP_F":0,"ELEVTYP_T":0},"geometry":{"type":"LineString","coordinates":[[-73.9996594267852,40.4011121948797],[-73.99963942794,40.4009991966561],[-73.9996404272183,40.4009421957452],[-73.9996574259928,40.4008391953262],[-73.9996824265486,40.4007631956492],[-73.9996854270761,40.4007561962332],[-73.9996984259125,40.4006821962838],[-73.9996964274643,40.4005531958799],[-73.9996834282201,40.400491195274],[-73.9996694283577,40.400455195476],[-73.9995744281252,40.4003251954848]]}},{"type":"Feature","id":148291,"properties":{"OBJECTID":148291,"PRIMENAME":"Bluff Edge Drive","ELEVTYP_F":0,"ELEVTYP_T":0},"geometry":{"type":"LineString","coordinates":[[-73.994361425257,40.3994661944079],[-73.9943304244932,40.3995611963695],[-73.9942344253394,40.3997851949038]]}},{"type":"Feature","id":150936,"properties":{"OBJECTID":150936,"PRIMENAME":"Valley Street","ELEVTYP_F":0,"ELEVTYP_T":0},"geometry":{"type":"LineString","coordinates":[[-73.9887348474325,40.4013874745511],[-73.9886731090015,40.4014508345904],[-73.988446457484,40.4016833900869]]}},{"type":"Feature","id":151110,"properties":{"OBJECTID":151110,"PRIMENAME":"5th Street","ELEVTYP_F":0,"ELEVTYP_T":0},"geometry":{"type":"LineString","coordinates":[[-73.9856116973025,40.4024983983045],[-73.9856850045137,40.4025385012267],[-73.9862376806366,40.4028410564307],[-73.9869500860124,40.4032310450852],[-73.9869576662978,40.4032351946502],[-73.9869878835117,40.4032518275691]]}},{"type":"Feature","id":151535,"properties":{"OBJECTID":151535,"PRIMENAME":"Cheerful Place","ELEVTYP_F":0,"ELEVTYP_T":0},"geometry":{"type":"LineString","coordinates":[[-73.9912282785083,40.4050721017406],[-73.990714562236,40.4048609337695],[-73.9906399578141,40.4048302706508]]}},{"type":"Feature","id":151879,"properties":{"OBJECTID":151879,"PRIMENAME":"Valley Avenue","ELEVTYP_F":0,"ELEVTYP_T":0},"geometry":{"type":"LineString","coordinates":[[-73.991316703084,40.3993314525091],[-73.9913750122139,40.3993222936957],[-73.991459319387,40.3993036132246],[-73.9915374670312,40.3992729639935],[-73.9916032284768,40.3992374832456],[-73.9916752904377,40.3991806462125],[-73.991722451783,40.3991260323441],[-73.9917728624075,40.3990547699574],[-73.9918107236382,40.3989953660889],[-73.9918359644759,40.3989525704261],[-73.9919079725337,40.3989123957878],[-73.9922269534441,40.3987708011165],[-73.9924212712069,40.3986955581043]]}},{"type":"Feature","id":152745,"properties":{"OBJECTID":152745,"PRIMENAME":"Osborne Street","ELEVTYP_F":0,"ELEVTYP_T":0},"geometry":{"type":"LineString","coordinates":[[-73.9924212712069,40.3986955581043],[-73.9923854886515,40.3986503536057],[-73.9921508412563,40.3983538333754],[-73.9921510561796,40.3983252299217]]}},{"type":"Feature","id":153987,"properties":{"OBJECTID":153987,"PRIMENAME":"Center Street","ELEVTYP_F":0,"ELEVTYP_T":0},"geometry":{"type":"LineString","coordinates":[[-73.9841244840589,40.4001166862239],[-73.984283174742,40.3999733832786],[-73.984345471861,40.3999171386307]]}},{"type":"Feature","id":155554,"properties":{"OBJECTID":155554,"PRIMENAME":"Cheerful Place","ELEVTYP_F":0,"ELEVTYP_T":0},"geometry":{"type":"LineString","coordinates":[[-73.9925111986686,40.4056026413834],[-73.9919451603609,40.4053667896194],[-73.991859312403,40.4053314945218]]}},{"type":"Feature","id":155896,"properties":{"OBJECTID":155896,"PRIMENAME":"Unnamed Segment","ELEVTYP_F":0,"ELEVTYP_T":0},"geometry":{"type":"LineString","coordinates":[[-74.0006294268355,40.4060101972742],[-74.0006114280927,40.4059221971393],[-74.0006124277395,40.405847196953],[-74.0006654291098,40.4054631960613],[-74.000667428676,40.4052971957821],[-74.0006754273123,40.4052561971034],[-74.0007054273283,40.4052021954035],[-74.0007574288506,40.4051491965395],[-74.0008164281992,40.405108196486],[-74.0008874291517,40.4050711966201],[-74.0009454293879,40.405052196658],[-74.0010134273966,40.4050441961148],[-74.0011274284103,40.4050361967796],[-74.001205428613,40.4050401961927],[-74.0013484279402,40.4050831953598],[-74.0014344273971,40.4051151958324],[-74.0016254281566,40.40521619668]]}},{"type":"Feature","id":155960,"properties":{"OBJECTID":155960,"PRIMENAME":"FR CO 8 to RT 36 NB","ELEVTYP_F":0,"ELEVTYP_T":0},"geometry":{"type":"LineString","coordinates":[[-73.9818021215973,40.3970613817674],[-73.9818387880529,40.3970598636802],[-73.9818787170637,40.3970496536919],[-73.9819092585977,40.3970395898638],[-73.9819571717568,40.3970398765804],[-73.9820020759815,40.39704665964],[-73.9820421236686,40.3970629254053],[-73.9824142100627,40.3972577810685],[-73.9825665209863,40.3973329935767],[-73.9826138118658,40.3973513513242],[-73.9826690840202,40.3973636771341],[-73.9827165291572,40.3973618854623],[-73.9827640265639,40.3973580351368],[-73.9828194270715,40.3973441995948],[-73.9828722939611,40.3973283226479],[-73.9829329987651,40.3973205234604],[-73.9829936064851,40.3973207944615],[-73.9830515458605,40.3973270923076],[-73.9831278787804,40.3973415439001],[-73.9831584375804,40.3973458531684]]}},{"type":"Feature","id":156419,"properties":{"OBJECTID":156419,"PRIMENAME":"Snug Harbor Avenue","ELEVTYP_F":0,"ELEVTYP_T":0},"geometry":{"type":"LineString","coordinates":[[-73.9937814012237,40.4061318484],[-73.9933248319491,40.4067740005783],[-73.9931199786866,40.4070587914361]]}},{"type":"Feature","id":156454,"properties":{"OBJECTID":156454,"PRIMENAME":"Linden Avenue","ELEVTYP_F":0,"ELEVTYP_T":0},"geometry":{"type":"LineString","coordinates":[[-73.9979835476,40.4040913265884],[-73.9976385836487,40.4040599063476],[-73.9974230466523,40.4040408533133]]}},{"type":"Feature","id":157702,"properties":{"OBJECTID":157702,"PRIMENAME":"Marine Place","ELEVTYP_F":0,"ELEVTYP_T":0},"geometry":{"type":"LineString","coordinates":[[-73.99119488611,40.407470345558],[-73.9908953992008,40.4073447811908]]}},{"type":"Feature","id":157779,"properties":{"OBJECTID":157779,"PRIMENAME":"Jackson Street","ELEVTYP_F":0,"ELEVTYP_T":0},"geometry":{"type":"LineString","coordinates":[[-73.9843079977638,40.4011342032125],[-73.9842488397074,40.4012024034351],[-73.9835250599315,40.4012849589535],[-73.9834619453434,40.4013258273405]]}},{"type":"Feature","id":158546,"properties":{"OBJECTID":158546,"PRIMENAME":"Recreation Place","ELEVTYP_F":0,"ELEVTYP_T":0},"geometry":{"type":"LineString","coordinates":[[-73.9924756192643,40.4068016806481],[-73.9918387489719,40.4065474821314]]}},{"type":"Feature","id":158784,"properties":{"OBJECTID":158784,"PRIMENAME":"Sea Drift Avenue","ELEVTYP_F":0,"ELEVTYP_T":0},"geometry":{"type":"LineString","coordinates":[[-73.9899808407426,40.4057760375446],[-73.9899025820328,40.4058867890991],[-73.9893795126252,40.4066327283492],[-73.9893613823683,40.4066558722082],[-73.9893575387568,40.4066654362515],[-73.9893549314068,40.4066779148244],[-73.9893586145121,40.406689433175],[-73.9893697887777,40.4067029344958],[-73.9893860400233,40.4067145353676]]}},{"type":"Feature","id":159477,"properties":{"OBJECTID":159477,"PRIMENAME":"Kielgart Avenue","ELEVTYP_F":0,"ELEVTYP_T":0},"geometry":{"type":"LineString","coordinates":[[-73.9907051053098,40.4036244737314],[-73.9907043332073,40.4036265634212],[-73.9900264246609,40.4045891971887]]}},{"type":"Feature","id":161440,"properties":{"OBJECTID":161440,"PRIMENAME":"Oceanview Terrace","ELEVTYP_F":0,"ELEVTYP_T":0},"geometry":{"type":"LineString","coordinates":[[-73.9840834216002,40.395588194146],[-73.9843014215214,40.3955891945032],[-73.98434942223,40.3955821953201],[-73.9843714207698,40.3955741957409],[-73.9844244225234,40.395545195416],[-73.9844484226304,40.3955241958661],[-73.9844764227844,40.3954911950701],[-73.9845164228417,40.3954161958625],[-73.9845194212344,40.3953921953974],[-73.9845154213825,40.3951421943206],[-73.9845254219328,40.3949001948097],[-73.9845084220799,40.3944981955421]]}},{"type":"Feature","id":162275,"properties":{"OBJECTID":162275,"PRIMENAME":"Oceanview Avenue","ELEVTYP_F":0,"ELEVTYP_T":0},"geometry":{"type":"LineString","coordinates":[[-73.9820255922216,40.3946069580389],[-73.981999872281,40.3947116803237],[-73.9820178107724,40.3948118499899],[-73.9819714128921,40.395169090049],[-73.9820073806315,40.3951756079109]]}},{"type":"Feature","id":165832,"properties":{"OBJECTID":165832,"PRIMENAME":"Waterwitch Avenue","ELEVTYP_F":0,"ELEVTYP_T":0},"geometry":{"type":"LineString","coordinates":[[-73.9924756192643,40.4068016806481],[-73.991853015815,40.4076730325053],[-73.991812765636,40.4077293780226]]}},{"type":"Feature","id":167506,"properties":{"OBJECTID":167506,"PRIMENAME":"Mathews Street","ELEVTYP_F":0,"ELEVTYP_T":0},"geometry":{"type":"LineString","coordinates":[[-73.9996214851396,40.4081304898484],[-73.9995731899324,40.4082946063678]]}},{"type":"Feature","id":167931,"properties":{"OBJECTID":167931,"PRIMENAME":"Linden Avenue","ELEVTYP_F":0,"ELEVTYP_T":0},"geometry":{"type":"LineString","coordinates":[[-73.9931409121304,40.4031861214753],[-73.9930458386329,40.4031126014092],[-73.9924759240691,40.4027928701402],[-73.9920532862012,40.4025577031024],[-73.9920233005961,40.4025435159619],[-73.9919981316646,40.4025240794206],[-73.9919898384821,40.4025047170178],[-73.9919899852001,40.4024851998584],[-73.9919901168541,40.4024676865603],[-73.9920200446319,40.4024130788472],[-73.9922857769146,40.4020434454853],[-73.9923073708002,40.4020134102329],[-73.9923709820042,40.4019249384799]]}},{"type":"Feature","id":168741,"properties":{"OBJECTID":168741,"PRIMENAME":"Marine Place","ELEVTYP_F":0,"ELEVTYP_T":0},"geometry":{"type":"LineString","coordinates":[[-73.9899084306192,40.4069339558996],[-73.9902923146269,40.4070939499318]]}},{"type":"Feature","id":169197,"properties":{"OBJECTID":169197,"PRIMENAME":"Recreation Place","ELEVTYP_F":0,"ELEVTYP_T":0},"geometry":{"type":"LineString","coordinates":[[-73.9905676360639,40.4060209400268],[-73.9900652513696,40.4058112736562],[-73.9899808407426,40.4057760375446]]}},{"type":"Feature","id":169615,"properties":{"OBJECTID":169615,"PRIMENAME":"Unnamed Segment","ELEVTYP_F":0,"ELEVTYP_T":0},"geometry":{"type":"LineString","coordinates":[[-73.9830464212054,40.3896811939597],[-73.9826854212257,40.3896481939299],[-73.9824994216316,40.3896621934858],[-73.9824084206525,40.3896751949792],[-73.9823414200793,40.3896841942076]]}},{"type":"Feature","id":169945,"properties":{"OBJECTID":169945,"PRIMENAME":"Highland Avenue","ELEVTYP_F":0,"ELEVTYP_T":0},"geometry":{"type":"LineString","coordinates":[[-73.9845825005212,40.397552825797],[-73.984657464392,40.3975914822418],[-73.9848313072765,40.3976780709737],[-73.9849866617562,40.3977454708765],[-73.9851233100397,40.3978128142975],[-73.9852723452677,40.3978801847771],[-73.9854215614722,40.3979380585983],[-73.985595733158,40.3979864892357],[-73.9857574817048,40.3980301152765],[-73.9858882825224,40.3980497481896],[-73.986031506018,40.3980646879873],[-73.9861249664439,40.3980698524558],[-73.9862184990837,40.3980655189975],[-73.9864121739287,40.3980139466987],[-73.9865557606715,40.3979812299802],[-73.9866306223578,40.397976786262],[-73.9866928817518,40.3979865878496],[-73.9868359232663,40.398030157258],[-73.9875877963397,40.3983432287112],[-73.9877693550829,40.3984215838246]]}},{"type":"Feature","id":172137,"properties":{"OBJECTID":172137,"PRIMENAME":"Highland Avenue","ELEVTYP_F":0,"ELEVTYP_T":0},"geometry":{"type":"LineString","coordinates":[[-73.983735601934,40.3969650010657],[-73.9838822265892,40.3970685575899],[-73.9843471208791,40.3974090002707],[-73.9845083946959,40.3975145847222],[-73.9845825005212,40.397552825797]]}},{"type":"Feature","id":173281,"properties":{"OBJECTID":173281,"PRIMENAME":"Linden Avenue","ELEVTYP_F":0,"ELEVTYP_T":0},"geometry":{"type":"LineString","coordinates":[[-74.0002659278721,40.4041574206047],[-73.9996200536407,40.4041971917041],[-73.9994267240593,40.4042058800926],[-73.9992770945021,40.4042052322232],[-73.9988206878745,40.4041660034348]]}},{"type":"Feature","id":174271,"properties":{"OBJECTID":174271,"PRIMENAME":"Portland Road","ELEVTYP_F":0,"ELEVTYP_T":0},"geometry":{"type":"LineString","coordinates":[[-73.9828037484225,40.3929464991622],[-73.982770936902,40.3925180669827],[-73.9827725412981,40.3923083711568],[-73.982761470616,40.3921176969488],[-73.9827254458273,40.3919411872011],[-73.9826599734053,40.3915357895625],[-73.9826121130797,40.391268690563],[-73.9825882179662,40.3911398907499],[-73.9825761244531,40.3910921800057],[-73.982588910854,40.3910493575984],[-73.9826391789927,40.3909924006768],[-73.9827022326893,40.3909068694829],[-73.9827339056832,40.3908355271179],[-73.9827720082497,40.3907403851847],[-73.982816793292,40.3905928403781],[-73.9828485753878,40.3905119732622],[-73.9828740376633,40.3904405472376],[-73.9829493658192,40.3903694279444],[-73.9831122968099,40.3902557926663],[-73.983139387795,40.3902365877542],[-73.9832125766197,40.3901847018689],[-73.983325202962,40.3901280782438],[-73.9833418476107,40.3901222263793]]}},{"type":"Feature","id":175949,"properties":{"OBJECTID":175949,"PRIMENAME":"Scenic Drive","ELEVTYP_F":0,"ELEVTYP_T":0},"geometry":{"type":"LineString","coordinates":[[-74.004496114498,40.4062179617286],[-74.0043954278196,40.4063381972231],[-74.004345429021,40.4063901957813],[-74.0042674312528,40.4064541960096],[-74.0042134302386,40.4064921957956],[-74.0041294292163,40.4065351960551],[-74.0040734279423,40.4065541971762],[-74.0039944296395,40.4065741966025],[-74.0038774285356,40.406584197018],[-74.0037554287352,40.4065801970093],[-74.0036094298732,40.4065581963027],[-74.0035624289432,40.4065501958632],[-74.0033164286456,40.4064931969796],[-74.0031234293377,40.406438196905],[-74.0029444280212,40.4063631967013],[-74.0028114271856,40.4062931962483],[-74.0024444272937,40.4060721970565],[-74.0016634270141,40.4056201972335],[-74.0015674286381,40.4055701959434],[-74.0015004288123,40.4055451971126],[-74.001414427239,40.4055371960711],[-74.0013594291577,40.4055431958467],[-74.0013154283753,40.4055591960138],[-74.0012744276355,40.4055811965676],[-74.0012544281105,40.4056011964062],[-74.0012294289794,40.4056421974446],[-74.0012224280231,40.4057111959974],[-74.0012364283045,40.4057631963731],[-74.0012634279309,40.4058091960052],[-74.0015024284331,40.4061131978662]]}},{"type":"Feature","id":178746,"properties":{"OBJECTID":178746,"PRIMENAME":"Marine Place","ELEVTYP_F":0,"ELEVTYP_T":0},"geometry":{"type":"LineString","coordinates":[[-73.991812765636,40.4077293780226],[-73.99119488611,40.407470345558]]}},{"type":"Feature","id":182713,"properties":{"OBJECTID":182713,"PRIMENAME":"Light House Road","ELEVTYP_F":0,"ELEVTYP_T":0},"geometry":{"type":"LineString","coordinates":[[-73.9845825005212,40.397552825797],[-73.9846986095767,40.3975635826841],[-73.9847514980281,40.3975684854916]]}},{"type":"Feature","id":185447,"properties":{"OBJECTID":185447,"PRIMENAME":"Spring Street","ELEVTYP_F":0,"ELEVTYP_T":0},"geometry":{"type":"LineString","coordinates":[[-73.984610570482,40.4000965359353],[-73.9846753727572,40.4000414271782],[-73.9850267388082,40.3997427545979],[-73.9850875643896,40.39969105934]]}},{"type":"Feature","id":186301,"properties":{"OBJECTID":186301,"PRIMENAME":"Willow Street","ELEVTYP_F":0,"ELEVTYP_T":0},"geometry":{"type":"LineString","coordinates":[[-74.0011196975815,40.4077342214644],[-74.0012446395073,40.4077951178298],[-74.00128744714,40.4078159820918],[-74.0013494001547,40.4078686548855],[-74.0013988578238,40.4079260498628],[-74.001417355899,40.4079547339859],[-74.0014170745316,40.4079928632088],[-74.0013793030399,40.4080356068649],[-74.0011467157801,40.4082967387694],[-74.0011089804906,40.4083589462409]]}},{"type":"Feature","id":188061,"properties":{"OBJECTID":188061,"PRIMENAME":"Shore Drive","ELEVTYP_F":0,"ELEVTYP_T":0},"geometry":{"type":"LineString","coordinates":[[-73.9982399287803,40.4067472327131],[-73.9982776591016,40.4067687506376],[-73.998705054564,40.4070105207609]]}},{"type":"Feature","id":189338,"properties":{"OBJECTID":189338,"PRIMENAME":"Shore Drive","ELEVTYP_F":0,"ELEVTYP_T":0},"geometry":{"type":"LineString","coordinates":[[-73.998705054564,40.4070105207609],[-73.9990797172308,40.4072224612926]]}},{"type":"Feature","id":189744,"properties":{"OBJECTID":189744,"PRIMENAME":"Mathews Street","ELEVTYP_F":0,"ELEVTYP_T":0},"geometry":{"type":"LineString","coordinates":[[-73.9997882355994,40.407624263088],[-73.9997166833752,40.4078399704539],[-73.9996650284212,40.4079826048068],[-73.9996610545693,40.4079961008274],[-73.9996214851396,40.4081304898484]]}},{"type":"Feature","id":189923,"properties":{"OBJECTID":189923,"PRIMENAME":"Waterwitch Avenue","ELEVTYP_F":0,"ELEVTYP_T":0},"geometry":{"type":"LineString","coordinates":[[-73.9943576960524,40.4042791436457],[-73.9943264202733,40.4042933018517],[-73.9942448750601,40.4043596800252],[-73.9941635835363,40.4044403064954]]}},{"type":"Feature","id":190290,"properties":{"OBJECTID":190290,"PRIMENAME":"Highland Avenue","ELEVTYP_F":0,"ELEVTYP_T":0},"geometry":{"type":"LineString","coordinates":[[-73.9889577333123,40.398931842007],[-73.9890231599264,40.3989596376572],[-73.989059987164,40.3989756129648]]}},{"type":"Feature","id":191707,"properties":{"OBJECTID":191707,"PRIMENAME":"Laurel Drive","ELEVTYP_F":0,"ELEVTYP_T":0},"geometry":{"type":"LineString","coordinates":[[-74.0016254281566,40.40521619668],[-74.0017574281081,40.4052811965328],[-74.0019204299409,40.405374197429],[-74.0020704283652,40.4054691964611],[-74.0022034285066,40.4055611968352],[-74.0023524272064,40.4056451961663]]}},{"type":"Feature","id":191989,"properties":{"OBJECTID":191989,"PRIMENAME":"Valley Avenue","ELEVTYP_F":0,"ELEVTYP_T":0},"geometry":{"type":"LineString","coordinates":[[-73.9896258370424,40.4004122122314],[-73.9895646983296,40.4004771947614],[-73.9892473500999,40.4008141888796]]}},{"type":"Feature","id":192687,"properties":{"OBJECTID":192687,"PRIMENAME":"Serpentine Drive","ELEVTYP_F":0,"ELEVTYP_T":0},"geometry":{"type":"LineString","coordinates":[[-73.9999434283446,40.4018731950557],[-73.9999784286568,40.4017541959969],[-73.9999864268861,40.4016501956368],[-73.9999814278686,40.4016121948509],[-73.9999584291549,40.4015341961735],[-73.9999064270412,40.4014391949264],[-73.9998304258696,40.4013421948958],[-73.9997284286968,40.4012261958833],[-73.9996594267852,40.4011121948797]]}},{"type":"Feature","id":194071,"properties":{"OBJECTID":194071,"PRIMENAME":"Washington Avenue","ELEVTYP_F":0,"ELEVTYP_T":0},"geometry":{"type":"LineString","coordinates":[[-73.9925389364713,40.404381276571],[-73.9928852110218,40.4038839458258],[-73.9929647085488,40.4037697932097]]}},{"type":"Feature","id":198449,"properties":{"OBJECTID":198449,"PRIMENAME":"Laurel Drive","ELEVTYP_F":0,"ELEVTYP_T":0},"geometry":{"type":"LineString","coordinates":[[-74.0016792674395,40.4048381782416],[-74.0015154276718,40.4048311954536],[-74.0014524287648,40.4048201972007],[-74.0014063661085,40.4048080200533],[-74.0012784292798,40.4047741968138],[-74.0011644287595,40.404733196903],[-74.0008344281372,40.4046521965814],[-74.0007904272468,40.4046551966927],[-74.0007514278916,40.4046681965894],[-74.0006774281768,40.4047111970081],[-74.0005374281405,40.4048151955496],[-74.0004314287538,40.4048831962828],[-73.9999134270917,40.4050841967315],[-73.9998554284391,40.4051151963277],[-73.9998134289698,40.4051461957565],[-73.9997714261225,40.4051941974626],[-73.9997104272196,40.405311196154],[-73.999691427769,40.4053621965214],[-73.9996664278434,40.4054591963936],[-73.9996524269081,40.4055391965161],[-73.9996544264647,40.4056121958407],[-73.9997014264677,40.4057531964619],[-73.9997504280328,40.405821197039],[-73.9998024278807,40.4058651967676],[-73.9998494276307,40.4058951968924],[-74.0000434276703,40.4059751977505],[-74.0001714288004,40.4060081958416],[-74.000327428661,40.4060351976337],[-74.0004384282729,40.4060381963509],[-74.0006294268355,40.4060101972742]]}},{"type":"Feature","id":199241,"properties":{"OBJECTID":199241,"PRIMENAME":"Bayside Drive","ELEVTYP_F":0,"ELEVTYP_T":0},"geometry":{"type":"LineString","coordinates":[[-73.9979872344437,40.4061610550827],[-73.9980563911048,40.4060029883745]]}},{"type":"Feature","id":200040,"properties":{"OBJECTID":200040,"PRIMENAME":"Cedar Street","ELEVTYP_F":0,"ELEVTYP_T":0},"geometry":{"type":"LineString","coordinates":[[-73.9894112509826,40.4029980302173],[-73.9891329933844,40.4032877326608],[-73.989044872989,40.4033969306386],[-73.989025949246,40.4034302283864],[-73.989019340383,40.4034778548182],[-73.9890306496417,40.4035013142658]]}},{"type":"Feature","id":200471,"properties":{"OBJECTID":200471,"PRIMENAME":"East North Avenue","ELEVTYP_F":0,"ELEVTYP_T":0},"geometry":{"type":"LineString","coordinates":[[-73.9860683798412,40.401072862583],[-73.9860134402386,40.4011531069287],[-73.9851335051174,40.4020928132636],[-73.9845741245533,40.4026908256156],[-73.9845166750342,40.4027514294558]]}},{"type":"Feature","id":200475,"properties":{"OBJECTID":200475,"PRIMENAME":"Prospect Street","ELEVTYP_F":0,"ELEVTYP_T":0},"geometry":{"type":"LineString","coordinates":[[-73.9891897389964,40.397009875289],[-73.9891508852514,40.3970587652375],[-73.989077747164,40.39717258591],[-73.9890754912794,40.3971771052728],[-73.9890190498198,40.3972901764918],[-73.9889795689953,40.3974115301906],[-73.9889593780256,40.397536620331],[-73.9889633815043,40.3976434244786],[-73.9889866381166,40.397754020755],[-73.9890195457491,40.3978609526298],[-73.9890526483376,40.3979421089741],[-73.9890908121357,40.397990180963],[-73.9891597725907,40.3980538980564],[-73.989248872888,40.3981087012491],[-73.9893135232811,40.3981395131625],[-73.9893960622248,40.3981787214638],[-73.989451091632,40.3981902197742]]}},{"type":"Feature","id":201293,"properties":{"OBJECTID":201293,"PRIMENAME":"Miller Street","ELEVTYP_F":0,"ELEVTYP_T":0},"geometry":{"type":"LineString","coordinates":[[-73.9870222183674,40.4009946065362],[-73.9869666106515,40.4010543875958],[-73.9866726020794,40.4013704598653],[-73.9866268095944,40.401419065037]]}},{"type":"Feature","id":201428,"properties":{"OBJECTID":201428,"PRIMENAME":"Valley Drive","ELEVTYP_F":0,"ELEVTYP_T":0},"geometry":{"type":"LineString","coordinates":[[-73.9982584262274,40.4005891961635],[-73.998371427531,40.4005561969692],[-73.9985124277513,40.4005401953293],[-73.9985574260073,40.4005411956518],[-73.9987924268485,40.4005611955502],[-73.9989744276455,40.4005541964511],[-73.9990594279792,40.4005391952696],[-73.9991294286328,40.4005221953744],[-73.9993084264276,40.4004631949789],[-73.999449429326,40.4003961951503],[-73.9995744281252,40.4003251954848]]}},{"type":"Feature","id":201558,"properties":{"OBJECTID":201558,"PRIMENAME":"Unnamed Segment","ELEVTYP_F":0,"ELEVTYP_T":0},"geometry":{"type":"LineString","coordinates":[[-73.995651426517,40.4080571967469],[-73.9960904274309,40.4082121981236]]}},{"type":"Feature","id":204272,"properties":{"OBJECTID":204272,"PRIMENAME":"Ontario Avenue","ELEVTYP_F":0,"ELEVTYP_T":0},"geometry":{"type":"LineString","coordinates":[[-74.0011706107079,40.4033915981859],[-74.0011605047905,40.4033451607343],[-74.0010996455825,40.4031447485606],[-74.0010573890301,40.4029539147889],[-74.0010147818795,40.4028155400637],[-74.0010030266008,40.4027201491994],[-74.0009977918484,40.4026752161069]]}},{"type":"Feature","id":205212,"properties":{"OBJECTID":205212,"PRIMENAME":"South 2nd Street","ELEVTYP_F":0,"ELEVTYP_T":0},"geometry":{"type":"LineString","coordinates":[[-73.9850875643896,40.39969105934],[-73.9853250724636,40.3998584463784],[-73.9855482507473,40.4000214866203],[-73.9858149473074,40.4002037712304],[-73.9860505154339,40.4003763907793],[-73.9862367542598,40.4004772797207],[-73.9863360314831,40.4005396786326],[-73.9863855793066,40.4005828332224],[-73.9864040692115,40.4006114927139],[-73.9864099911906,40.4006496494877]]}},{"type":"Feature","id":207382,"properties":{"OBJECTID":207382,"PRIMENAME":"Serpentine Drive","ELEVTYP_F":0,"ELEVTYP_T":0},"geometry":{"type":"LineString","coordinates":[[-73.9995744281252,40.4003251954848],[-73.9994754271919,40.400224195884],[-73.9993814286612,40.4001681950222],[-73.9991714270238,40.4000701955138],[-73.9988944276253,40.3999651955121],[-73.9987694286649,40.3999281966461],[-73.9985874258969,40.399895195198],[-73.9983464285556,40.3998591950803],[-73.9982684254277,40.3998541967216]]}},{"type":"Feature","id":207872,"properties":{"OBJECTID":207872,"PRIMENAME":"Portland Road","ELEVTYP_F":0,"ELEVTYP_T":0},"geometry":{"type":"LineString","coordinates":[[-73.9827784524005,40.3961160265997],[-73.9827982544531,40.3959489811626]]}},{"type":"Feature","id":208795,"properties":{"OBJECTID":208795,"PRIMENAME":"Portland Road","ELEVTYP_F":0,"ELEVTYP_T":0},"geometry":{"type":"LineString","coordinates":[[-73.9827444995677,40.3952459288796],[-73.9827437601835,40.395244031521],[-73.9826762044439,40.3951150635179],[-73.9826272463998,40.3950004529688],[-73.9825780342763,40.3949096695602],[-73.9825476711245,40.3948094732029],[-73.9825547213888,40.3946998902456],[-73.9825558805449,40.3946938836433]]}},{"type":"Feature","id":210061,"properties":{"OBJECTID":210061,"PRIMENAME":"Twin Light Court","ELEVTYP_F":0,"ELEVTYP_T":0},"geometry":{"type":"LineString","coordinates":[[-73.985484422842,40.3942531958627],[-73.9853714226285,40.3942121947103],[-73.985296423203,40.3941671953266],[-73.9852744234164,40.3941461952838],[-73.9852624225059,40.3941201943458],[-73.9851924228269,40.3936381937506]]}},{"type":"Feature","id":210664,"properties":{"OBJECTID":210664,"PRIMENAME":"Sea Drift Avenue","ELEVTYP_F":0,"ELEVTYP_T":0},"geometry":{"type":"LineString","coordinates":[[-73.9918336792732,40.4031341556826],[-73.9917805593803,40.4032118565271],[-73.9913645373582,40.4038200568988],[-73.9913218247537,40.4038794941633]]}},{"type":"Feature","id":210750,"properties":{"OBJECTID":210750,"PRIMENAME":"South Peak Street","ELEVTYP_F":0,"ELEVTYP_T":0},"geometry":{"type":"LineString","coordinates":[[-73.9880613945564,40.391565600015],[-73.9880634883313,40.391506252394]]}},{"type":"Feature","id":212769,"properties":{"OBJECTID":212769,"PRIMENAME":"Sea Drift Avenue","ELEVTYP_F":0,"ELEVTYP_T":0},"geometry":{"type":"LineString","coordinates":[[-73.9913218247537,40.4038794941633],[-73.9906715081518,40.4047845111544],[-73.9906399578141,40.4048302706508]]}},{"type":"Feature","id":217302,"properties":{"OBJECTID":217302,"PRIMENAME":"Ralph Street","ELEVTYP_F":0,"ELEVTYP_T":0},"geometry":{"type":"LineString","coordinates":[[-73.9988206878745,40.4041660034348],[-73.9988139918446,40.4042312267875],[-73.998739087942,40.4049569694874],[-73.9986990139672,40.4052953063045],[-73.9986814315983,40.4054437386202],[-73.9986957565013,40.4055943176987]]}},{"type":"Feature","id":218258,"properties":{"OBJECTID":218258,"PRIMENAME":"Unnamed Segment","ELEVTYP_F":0,"ELEVTYP_T":0},"geometry":{"type":"LineString","coordinates":[[-73.998478427184,40.4082461963737],[-73.9986624288286,40.4082941969167],[-73.9988404263226,40.408353196788],[-73.9989654284419,40.4084021975033]]}},{"type":"Feature","id":218468,"properties":{"OBJECTID":218468,"PRIMENAME":"Shore Drive","ELEVTYP_F":0,"ELEVTYP_T":0},"geometry":{"type":"LineString","coordinates":[[-73.9887348474325,40.4013874745511],[-73.989294615431,40.4017013874468],[-73.9897106354602,40.4019371370011],[-73.9905237072263,40.4023978763278],[-73.9906675940563,40.4024787231627]]}},{"type":"Feature","id":218732,"properties":{"OBJECTID":218732,"PRIMENAME":"Willow Street","ELEVTYP_F":0,"ELEVTYP_T":0},"geometry":{"type":"LineString","coordinates":[[-74.0011089804906,40.4083589462409],[-74.0010141675399,40.4085153684079],[-74.0009268923639,40.408604474907],[-74.0008175392568,40.4087161236317]]}},{"type":"Feature","id":222511,"properties":{"OBJECTID":222511,"PRIMENAME":"Cornwall Street","ELEVTYP_F":0,"ELEVTYP_T":0},"geometry":{"type":"LineString","coordinates":[[-73.9858117057929,40.4009035806789],[-73.9857530240586,40.4009660737267],[-73.9852827338984,40.4014665653761]]}},{"type":"Feature","id":222759,"properties":{"OBJECTID":222759,"PRIMENAME":"2nd Street","ELEVTYP_F":0,"ELEVTYP_T":0},"geometry":{"type":"LineString","coordinates":[[-73.9873359421567,40.4011292136263],[-73.9874284136083,40.4011688861518],[-73.9877016206299,40.4013130647836],[-73.9883845542547,40.4016878382695],[-73.988446457484,40.4016833900869]]}},{"type":"Feature","id":223730,"properties":{"OBJECTID":223730,"PRIMENAME":"FR RT 36 SB to CO 8","ELEVTYP_F":0,"ELEVTYP_T":0},"geometry":{"type":"LineString","coordinates":[[-74.000287241392,40.4036116122491],[-74.0002936085752,40.4035803019412],[-74.0003311579435,40.4035236940677],[-74.0003825331183,40.4034813382327],[-74.0004384366941,40.4034531951507],[-74.0004942353204,40.4034392438991],[-74.0005639387463,40.4034288660837],[-74.0006289060406,40.4034326880029],[-74.0007030588597,40.4034472284583],[-74.00076322742,40.4034687902338],[-74.0008187103039,40.4034974152958],[-74.0008416708934,40.4035294403619],[-74.0008692477237,40.4035685959158],[-74.0008967357621,40.4036148328248],[-74.000896342633,40.4036680599482],[-74.0008866588903,40.4037247882909],[-74.000862945077,40.403784996491],[-74.000816115534,40.4038486741363],[-74.0007355374576,40.4039279600681],[-74.0006204233958,40.4040412266035]]}},{"type":"Feature","id":224457,"properties":{"OBJECTID":224457,"PRIMENAME":"Unnamed Segment","ELEVTYP_F":0,"ELEVTYP_T":0},"geometry":{"type":"LineString","coordinates":[[-73.9981524279643,40.4088191970926],[-73.9984354284884,40.40891519678],[-73.9985834286599,40.4089581967244],[-73.9986074283906,40.408956196902],[-73.9986304267467,40.4089471965552],[-73.9987194281255,40.4088351977912],[-73.9989654284419,40.4084021975033]]}},{"type":"Feature","id":225059,"properties":{"OBJECTID":225059,"PRIMENAME":"Bayview Street","ELEVTYP_F":0,"ELEVTYP_T":0},"geometry":{"type":"LineString","coordinates":[[-73.9905317438871,40.3988406484086],[-73.9905088438504,40.3988633319539],[-73.9903361372355,40.3990341440716]]}},{"type":"Feature","id":225080,"properties":{"OBJECTID":225080,"PRIMENAME":"Unnamed Segment","ELEVTYP_F":0,"ELEVTYP_T":0},"geometry":{"type":"LineString","coordinates":[[-73.997047529034,40.4060814634184],[-73.996887425833,40.4062621965446],[-73.9968314265877,40.4063271980122],[-73.9966334259533,40.4066061969161],[-73.9964954269667,40.4067191975284],[-73.9964664268859,40.4067481961713],[-73.9962734256052,40.407022196933],[-73.9961894272291,40.4071561966891],[-73.9959584276195,40.4074831970612],[-73.9959264281651,40.4075701972726],[-73.995651426517,40.4080571967469]]}},{"type":"Feature","id":225299,"properties":{"OBJECTID":225299,"PRIMENAME":"Ocean Boulevard","ELEVTYP_F":0,"ELEVTYP_T":0},"geometry":{"type":"LineString","coordinates":[[-74.0034852557441,40.4058146701189],[-74.0032495544326,40.405737914715],[-74.0030007612863,40.4056558085886],[-74.0028516545588,40.4055884606848],[-74.0027211861247,40.405525968849],[-74.0024793437066,40.4053485793174],[-74.0023475059573,40.4052526448549]]}},{"type":"Feature","id":225515,"properties":{"OBJECTID":225515,"PRIMENAME":"Huron Avenue","ELEVTYP_F":0,"ELEVTYP_T":0},"geometry":{"type":"LineString","coordinates":[[-74.002874362522,40.4029215794116],[-74.0028780497025,40.402952368392],[-74.0028483864296,40.4031187073732],[-74.0027860116206,40.4035141541206]]}},{"type":"Feature","id":227200,"properties":{"OBJECTID":227200,"PRIMENAME":"Miller Street","ELEVTYP_F":0,"ELEVTYP_T":0},"geometry":{"type":"LineString","coordinates":[[-73.9860857242314,40.401993447635],[-73.9860064087339,40.402077618496],[-73.9856116973025,40.4024983983045]]}},{"type":"Feature","id":227280,"properties":{"OBJECTID":227280,"PRIMENAME":"Highland Avenue","ELEVTYP_F":0,"ELEVTYP_T":0},"geometry":{"type":"LineString","coordinates":[[-73.9877693550829,40.3984215838246],[-73.9885695366865,40.3987669806756],[-73.9889577333123,40.398931842007]]}},{"type":"Feature","id":227397,"properties":{"OBJECTID":227397,"PRIMENAME":"Huddy Avenue","ELEVTYP_F":0,"ELEVTYP_T":0},"geometry":{"type":"LineString","coordinates":[[-73.9921822707319,40.40606480044],[-73.9924603160904,40.4056740667504],[-73.9925111986686,40.4056026413834]]}},{"type":"Feature","id":227537,"properties":{"OBJECTID":227537,"PRIMENAME":"Washington Avenue","ELEVTYP_F":0,"ELEVTYP_T":0},"geometry":{"type":"LineString","coordinates":[[-73.9911884087502,40.4062799886129],[-73.9913162198715,40.4060979703252],[-73.9916880180895,40.4055705859516],[-73.991859312403,40.4053314945218]]}},{"type":"Feature","id":229147,"properties":{"OBJECTID":229147,"PRIMENAME":"Cedar Avenue","ELEVTYP_F":0,"ELEVTYP_T":0},"geometry":{"type":"LineString","coordinates":[[-73.9886734704762,40.4041793340298],[-73.9886334139086,40.404229173097],[-73.9882781721246,40.4046615205129],[-73.9880481866159,40.4049414232402]]}},{"type":"Feature","id":230219,"properties":{"OBJECTID":230219,"PRIMENAME":"Bayview Terrace","ELEVTYP_F":0,"ELEVTYP_T":0},"geometry":{"type":"LineString","coordinates":[[-73.9925534254793,40.4007521967347],[-73.9923444264899,40.4007041964903],[-73.9922384255728,40.4006631949713],[-73.9921734256283,40.4006261966561],[-73.9920854250322,40.400563195714],[-73.9919994266856,40.4004831948787],[-73.9919614254261,40.4004341969175]]}},{"type":"Feature","id":230756,"properties":{"OBJECTID":230756,"PRIMENAME":"Indian Terrace","ELEVTYP_F":0,"ELEVTYP_T":0},"geometry":{"type":"LineString","coordinates":[[-73.9970787849648,40.3919270156778],[-73.9970478066379,40.3918369679157],[-73.9970301292865,40.3916938958792],[-73.997013907729,40.3913649814984],[-73.9970098249821,40.3912863141504],[-73.9970196916036,40.3912148459773],[-73.9970482355386,40.3911471093477],[-73.9970907902826,40.3910828930165],[-73.9971709138845,40.3909974821783],[-73.997274364257,40.3909086043482],[-73.9973498034194,40.3908302556779],[-73.9974063065848,40.3907732923959],[-73.99745819466,40.3907091984482],[-73.9974779616871,40.3905663161932]]}},{"type":"Feature","id":231061,"properties":{"OBJECTID":231061,"PRIMENAME":"South Street","ELEVTYP_F":0,"ELEVTYP_T":0},"geometry":{"type":"LineString","coordinates":[[-73.9832982378021,40.3991657244658],[-73.9836990675032,40.3987658979345]]}},{"type":"Feature","id":232110,"properties":{"OBJECTID":232110,"PRIMENAME":"Jackson Street","ELEVTYP_F":0,"ELEVTYP_T":0},"geometry":{"type":"LineString","coordinates":[[-73.9834619453434,40.4013258273405],[-73.9833934887111,40.4013701582092],[-73.9828694591919,40.4014202484249]]}},{"type":"Feature","id":233788,"properties":{"OBJECTID":233788,"PRIMENAME":"Light House Road","ELEVTYP_F":0,"ELEVTYP_T":0},"geometry":{"type":"LineString","coordinates":[[-73.9856134059334,40.3975892882837],[-73.985735927037,40.3975760624324],[-73.9857863273744,40.3975706215335],[-73.9859430083475,40.3975580310109],[-73.9860998806311,40.3975298771277],[-73.9861611348907,40.3975164091442]]}},{"type":"Feature","id":237214,"properties":{"OBJECTID":237214,"PRIMENAME":"Grand Tour","ELEVTYP_F":0,"ELEVTYP_T":0},"geometry":{"type":"LineString","coordinates":[[-73.9866179070495,40.392987052936],[-73.9865924236479,40.3930051949268],[-73.9865634238,40.3930391951303],[-73.9865394234185,40.3930881943171],[-73.9865114222029,40.39321619544],[-73.9864554231253,40.3935431944474]]}},{"type":"Feature","id":238049,"properties":{"OBJECTID":238049,"PRIMENAME":"Delaware Avenue","ELEVTYP_F":0,"ELEVTYP_T":0},"geometry":{"type":"LineString","coordinates":[[-74.0010079733548,40.4042628138713],[-74.0011734079898,40.4041315954093],[-74.001206940099,40.4040935825836]]}},{"type":"Feature","id":238401,"properties":{"OBJECTID":238401,"PRIMENAME":"Erie Road","ELEVTYP_F":0,"ELEVTYP_T":0},"geometry":{"type":"LineString","coordinates":[[-74.0047769452464,40.4034424023901],[-74.004738624638,40.403384370228],[-74.0044735423207,40.4029829073599],[-74.004405517226,40.4029016066908],[-74.0043434966633,40.4028584333723]]}},{"type":"Feature","id":239006,"properties":{"OBJECTID":239006,"PRIMENAME":"Recreation Place","ELEVTYP_F":0,"ELEVTYP_T":0},"geometry":{"type":"LineString","coordinates":[[-73.9911884087502,40.4062799886129],[-73.9911155596281,40.4062495812059],[-73.9905676360639,40.4060209400268]]}},{"type":"Feature","id":239260,"properties":{"OBJECTID":239260,"PRIMENAME":"West Twin Road","ELEVTYP_F":0,"ELEVTYP_T":0},"geometry":{"type":"LineString","coordinates":[[-73.9940124259119,40.3998611952426],[-73.9939684261244,40.3999441959017],[-73.9938654253353,40.4001061956982],[-73.9938084274925,40.4002091948928],[-73.9937004248795,40.4003241960527],[-73.9935224253769,40.4004821960998],[-73.9933984252821,40.400574195654],[-73.9932634269364,40.4006621957591],[-73.9932545416619,40.4006693034135]]}},{"type":"Feature","id":239768,"properties":{"OBJECTID":239768,"PRIMENAME":"Grand Tour","ELEVTYP_F":0,"ELEVTYP_T":0},"geometry":{"type":"LineString","coordinates":[[-73.9869021436157,40.3928793790384],[-73.9869378654817,40.392816692473],[-73.9870297728993,40.3927323380078],[-73.9872014369702,40.3925747771677],[-73.9874588658455,40.3923328889613],[-73.9878670888357,40.3919247897483],[-73.9880303765104,40.3917634654906],[-73.9880555811579,40.3917302235612],[-73.9880613945564,40.391565600015]]}},{"type":"Feature","id":239821,"properties":{"OBJECTID":239821,"PRIMENAME":"Shore Drive","ELEVTYP_F":0,"ELEVTYP_T":0},"geometry":{"type":"LineString","coordinates":[[-73.9912743725299,40.4028196825368],[-73.9915666056564,40.4029838912409],[-73.9918336792732,40.4031341556826]]}},{"type":"Feature","id":240262,"properties":{"OBJECTID":240262,"PRIMENAME":"Shrewsbury Avenue","ELEVTYP_F":0,"ELEVTYP_T":0},"geometry":{"type":"LineString","coordinates":[[-73.9845166750342,40.4027514294558],[-73.9844249610262,40.4027376514289],[-73.984238609796,40.402651034267],[-73.9841445739214,40.4025651853426]]}},{"type":"Feature","id":241932,"properties":{"OBJECTID":241932,"PRIMENAME":"Linden Avenue","ELEVTYP_F":0,"ELEVTYP_T":0},"geometry":{"type":"LineString","coordinates":[[-73.9969695062699,40.4040058960167],[-73.9966477980762,40.4039936396702],[-73.9957378098093,40.4039610694506],[-73.9951046912475,40.4039419185683],[-73.9950459299826,40.4039485248571],[-73.994989698664,40.4039673575655],[-73.994911197078,40.4040014939356]]}},{"type":"Feature","id":242309,"properties":{"OBJECTID":242309,"PRIMENAME":"Parkway","ELEVTYP_F":0,"ELEVTYP_T":0},"geometry":{"type":"LineString","coordinates":[[-73.9927113124002,40.3986061308401],[-73.9930051764594,40.3984906685307]]}},{"type":"Feature","id":243843,"properties":{"OBJECTID":243843,"PRIMENAME":"Huddy Avenue","ELEVTYP_F":0,"ELEVTYP_T":0},"geometry":{"type":"LineString","coordinates":[[-73.9918387489719,40.4065474821314],[-73.9921822707319,40.40606480044]]}},{"type":"Feature","id":244950,"properties":{"OBJECTID":244950,"PRIMENAME":"Shore Drive","ELEVTYP_F":0,"ELEVTYP_T":0},"geometry":{"type":"LineString","coordinates":[[-73.997047529034,40.4060814634184],[-73.9971337610765,40.4061259581863]]}},{"type":"Feature","id":245244,"properties":{"OBJECTID":245244,"PRIMENAME":"Valley Avenue","ELEVTYP_F":0,"ELEVTYP_T":0},"geometry":{"type":"LineString","coordinates":[[-73.9897044478422,40.4003395378398],[-73.9897593853484,40.4002874574849],[-73.9900921495993,40.3999719687859],[-73.9902617166633,40.3998082808128],[-73.9903559163687,40.3997157723017],[-73.9903968481443,40.3996922892343]]}},{"type":"Feature","id":245521,"properties":{"OBJECTID":245521,"PRIMENAME":"Cheerful Place","ELEVTYP_F":0,"ELEVTYP_T":0},"geometry":{"type":"LineString","coordinates":[[-73.9931380995899,40.4058638211282],[-73.9925111986686,40.4056026413834]]}},{"type":"Feature","id":246843,"properties":{"OBJECTID":246843,"PRIMENAME":"East Manor Square","ELEVTYP_F":0,"ELEVTYP_T":0},"geometry":{"type":"LineString","coordinates":[[-73.983735601934,40.3969650010657],[-73.9837259811663,40.3968536513353],[-73.9837080280995,40.3967350970877],[-73.9836824530485,40.3966173662134],[-73.983649319878,40.3965007390924],[-73.983608706518,40.3963855051725],[-73.9835577279289,40.396306839658],[-73.983498630716,40.3962315693041],[-73.983431797569,40.3961601794531],[-73.9833854666769,40.3961493088632],[-73.9833379201752,40.3961421290597],[-73.9832896628803,40.396138709845],[-73.9827784524005,40.3961160265997]]}},{"type":"Feature","id":248377,"properties":{"OBJECTID":248377,"PRIMENAME":"FR CR 36 SB TO HIGHLAND AVE","ELEVTYP_F":0,"ELEVTYP_T":0},"geometry":{"type":"LineString","coordinates":[[-73.9815141982299,40.3965681188801],[-73.9815275480978,40.3965512182603],[-73.9815412861525,40.3965345004757],[-73.981607073554,40.3964839874929]]}},{"type":"Feature","id":249193,"properties":{"OBJECTID":249193,"PRIMENAME":"Unnamed Segment","ELEVTYP_F":0,"ELEVTYP_T":0},"geometry":{"type":"LineString","coordinates":[[-73.9954954267603,40.4080021967341],[-73.995651426517,40.4080571967469]]}},{"type":"Feature","id":249281,"properties":{"OBJECTID":249281,"PRIMENAME":"William Street","ELEVTYP_F":0,"ELEVTYP_T":0},"geometry":{"type":"LineString","coordinates":[[-73.9964314267054,40.4045891968729],[-73.9965984273391,40.4046301971348],[-73.9966574256774,40.4046561961093]]}},{"type":"Feature","id":250407,"properties":{"OBJECTID":250407,"PRIMENAME":"Twin Light Court","ELEVTYP_F":0,"ELEVTYP_T":0},"geometry":{"type":"LineString","coordinates":[[-73.9864554231253,40.3935431944474],[-73.9859484213054,40.3935791937925],[-73.9859024237037,40.3935901950998],[-73.9858654227905,40.3936151936522],[-73.9858364230475,40.3936521946111],[-73.985756421483,40.3938991950027],[-73.9856644235162,40.394156194943],[-73.9856434215647,40.3941891947422],[-73.9855914221488,40.3942321942811],[-73.985484422842,40.3942531958627]]}},{"type":"Feature","id":251371,"properties":{"OBJECTID":251371,"PRIMENAME":"Shore Drive","ELEVTYP_F":0,"ELEVTYP_T":0},"geometry":{"type":"LineString","coordinates":[[-73.9990797172308,40.4072224612926],[-73.9992710262351,40.4073306805663],[-73.9997882355994,40.407624263088]]}},{"type":"Feature","id":253491,"properties":{"OBJECTID":253491,"PRIMENAME":"Locust Street","ELEVTYP_F":0,"ELEVTYP_T":0},"geometry":{"type":"LineString","coordinates":[[-74.0019504285164,40.4093421972271],[-74.0020544288026,40.4093931972235],[-74.001640429906,40.4100271974468],[-74.0012724273073,40.4106171973804],[-74.0011264291935,40.4108221972866],[-74.0010544221425,40.4109552137969],[-74.0009924280918,40.4111021982755],[-74.0009844271046,40.4111451972464],[-74.0009984277084,40.4112361980384]]}},{"type":"Feature","id":253844,"properties":{"OBJECTID":253844,"PRIMENAME":"Locust Street","ELEVTYP_F":0,"ELEVTYP_T":0},"geometry":{"type":"LineString","coordinates":[[-74.0008175392568,40.4087161236317],[-74.0008752989099,40.4087482988965],[-74.0019504285164,40.4093421972271]]}},{"type":"Feature","id":256734,"properties":{"OBJECTID":256734,"PRIMENAME":"Second Street","ELEVTYP_F":0,"ELEVTYP_T":0},"geometry":{"type":"LineString","coordinates":[[-73.9870222183674,40.4009946065362],[-73.9870804505655,40.4010195982847],[-73.9873359421567,40.4011292136263]]}},{"type":"Feature","id":257048,"properties":{"OBJECTID":257048,"PRIMENAME":"Shrewsbury Avenue","ELEVTYP_F":0,"ELEVTYP_T":0},"geometry":{"type":"LineString","coordinates":[[-73.9834619453434,40.4013258273405],[-73.98328325604,40.4004020234811],[-73.9832642767572,40.4003107441884]]}},{"type":"Feature","id":259033,"properties":{"OBJECTID":259033,"PRIMENAME":"North Peak Street","ELEVTYP_F":0,"ELEVTYP_T":0},"geometry":{"type":"LineString","coordinates":[[-73.9927113124002,40.3986061308401],[-73.9927486908144,40.398611071824],[-73.9927765529721,40.3986350214367],[-73.9927888875702,40.3986517392247],[-73.9927886372757,40.3986850916097],[-73.9927758377025,40.3987303305618],[-73.9927379062826,40.3987945105483],[-73.9926623992898,40.3988942685482],[-73.9925962643152,40.3989844865914],[-73.9925367698224,40.3990271591181],[-73.9924895549582,40.3990841336689],[-73.9923446449728,40.3992836751786],[-73.9920989132986,40.3996352667994],[-73.9920296882386,40.3997207488653],[-73.9919102672465,40.399848862881],[-73.9917970395166,40.3999842505551]]}},{"type":"Feature","id":260671,"properties":{"OBJECTID":260671,"PRIMENAME":"Portland Road","ELEVTYP_F":0,"ELEVTYP_T":0},"geometry":{"type":"LineString","coordinates":[[-73.9827982544531,40.3959489811626],[-73.9828275410122,40.3957019425474],[-73.9828283067735,40.395601857577],[-73.9828224696438,40.3955669396807]]}},{"type":"Feature","id":261758,"properties":{"OBJECTID":261758,"PRIMENAME":"Twinlight Terrace","ELEVTYP_F":0,"ELEVTYP_T":0},"geometry":{"type":"LineString","coordinates":[[-73.9870856108015,40.3972240572697],[-73.9870779601434,40.397168261866],[-73.9870724269713,40.3971279110622],[-73.9870421288628,40.3969566708293],[-73.9870181314991,40.3967879839371]]}},{"type":"Feature","id":261941,"properties":{"OBJECTID":261941,"PRIMENAME":"Shrewsbury Avenue","ELEVTYP_F":0,"ELEVTYP_T":0},"geometry":{"type":"LineString","coordinates":[[-73.9851082644078,40.4030350870297],[-73.9850339300175,40.4029977243251],[-73.9849970269681,40.4029791688702],[-73.9845557705378,40.4027572858872],[-73.9845166750342,40.4027514294558]]}},{"type":"Feature","id":262469,"properties":{"OBJECTID":262469,"PRIMENAME":"William Street","ELEVTYP_F":0,"ELEVTYP_T":0},"geometry":{"type":"LineString","coordinates":[[-73.9979835476,40.4040913265884],[-73.9979767056117,40.4041567419956],[-73.997910227903,40.4047910515998],[-73.9979076433176,40.4048392183855],[-73.9979087486579,40.4048643961113],[-73.9979185876379,40.4049032006378],[-73.9979424733792,40.4049314151707],[-73.9979763994522,40.4049664253998],[-73.998011719102,40.4049927405729],[-73.998038168186,40.4050141852857],[-73.9980747373637,40.4050366069875],[-73.9981189916969,40.4050542580145],[-73.9981480415674,40.4050640470829],[-73.9981885398209,40.4050749017529],[-73.9982302863735,40.40508186385],[-73.9982999138455,40.4050918289615]]}},{"type":"Feature","id":264305,"properties":{"OBJECTID":264305,"PRIMENAME":"Cedar Street","ELEVTYP_F":0,"ELEVTYP_T":0},"geometry":{"type":"LineString","coordinates":[[-73.9894656568455,40.4022099542348],[-73.9898502291034,40.4024235113082],[-73.9898707346199,40.4024374644507],[-73.9898837212725,40.4024486401643],[-73.9898953972811,40.4024669188582]]}},{"type":"Feature","id":265118,"properties":{"OBJECTID":265118,"PRIMENAME":"Ocean Boulevard","ELEVTYP_F":0,"ELEVTYP_T":0},"geometry":{"type":"LineString","coordinates":[[-74.0023475059573,40.4052526448549],[-74.0022821724006,40.4051813741887],[-74.0022392254356,40.4051253900767],[-74.0022276808835,40.4051103419968],[-74.0022412480755,40.4050382572229],[-74.0023014091543,40.4050023896626],[-74.0023775647369,40.4049930670633],[-74.0024001784115,40.4049902967406],[-74.0025076954088,40.4049850772407]]}},{"type":"Feature","id":265397,"properties":{"OBJECTID":265397,"PRIMENAME":"Waterwitch Avenue","ELEVTYP_F":0,"ELEVTYP_T":0},"geometry":{"type":"LineString","coordinates":[[-73.9953987728051,40.4025591747292],[-73.9953524686246,40.4026961205591],[-73.995347952108,40.4027094852826],[-73.9949574297759,40.4038647398406],[-73.9949406108986,40.4039145466027]]}},{"type":"Feature","id":265895,"properties":{"OBJECTID":265895,"PRIMENAME":"Center Street","ELEVTYP_F":0,"ELEVTYP_T":0},"geometry":{"type":"LineString","coordinates":[[-73.9847689290018,40.4020125957446],[-73.9847167055943,40.4019765661333],[-73.9844872746394,40.4018182734599],[-73.9844582136099,40.4017961826496],[-73.9844415723958,40.4017794447826],[-73.9844283970997,40.4017460325788],[-73.984378340924,40.4014919365332],[-73.9843079977638,40.4011342032125]]}},{"type":"Feature","id":266813,"properties":{"OBJECTID":266813,"PRIMENAME":"Locust Street","ELEVTYP_F":0,"ELEVTYP_T":0},"geometry":{"type":"LineString","coordinates":[[-73.9996214851396,40.4081304898484],[-73.999453950157,40.4080977018895]]}},{"type":"Feature","id":267032,"properties":{"OBJECTID":267032,"PRIMENAME":"Unnamed Segment","ELEVTYP_F":0,"ELEVTYP_T":0},"geometry":{"type":"LineString","coordinates":[[-73.9989654284419,40.4084021975033],[-73.9991504275057,40.408063198014],[-73.9993024274688,40.4077851971251]]}},{"type":"Feature","id":267575,"properties":{"OBJECTID":267575,"PRIMENAME":"Serpentine Drive","ELEVTYP_F":0,"ELEVTYP_T":0},"geometry":{"type":"LineString","coordinates":[[-73.9965154248508,40.3997521951177],[-73.9964714263564,40.3997351957456],[-73.9963434270016,40.39968719516],[-73.996267425123,40.3996531962869],[-73.9961704248745,40.3996031960277],[-73.9960604262273,40.3995651959347],[-73.9959524261071,40.3995381949849],[-73.9958934270327,40.3995321961926],[-73.9958504259022,40.3995351951879],[-73.9957714255533,40.3995511946727],[-73.9956894270008,40.3995881957101],[-73.9956234266704,40.3996331957269],[-73.9954824248588,40.3997661962573],[-73.9954454260611,40.3997861947916],[-73.9953754260129,40.3998071949143],[-73.9952894260544,40.3998181946787],[-73.9952034250315,40.3998111950424],[-73.9950204265374,40.3997751962055],[-73.9948374241055,40.3997551960679],[-73.994720426241,40.3997511966863],[-73.9944684269352,40.3997561952809],[-73.9942344253394,40.3997851949038]]}},{"type":"Feature","id":268011,"properties":{"OBJECTID":268011,"PRIMENAME":"Ocean Boulevard","ELEVTYP_F":0,"ELEVTYP_T":0},"geometry":{"type":"LineString","coordinates":[[-74.0045848182313,40.4062610763525],[-74.004496114498,40.4062179617286]]}},{"type":"Feature","id":269103,"properties":{"OBJECTID":269103,"PRIMENAME":"Unnamed Segment","ELEVTYP_F":0,"ELEVTYP_T":0},"geometry":{"type":"LineString","coordinates":[[-73.9823414200793,40.3896841942076],[-73.9823004205336,40.3896861947225],[-73.982107420063,40.389695194356],[-73.9820634210161,40.3897041937624],[-73.9820314208898,40.3897311949197],[-73.9820244212269,40.389756194246],[-73.9820494217607,40.3898631945799],[-73.9820754204107,40.3898881940017],[-73.9821024226813,40.3898991947101],[-73.9821874203261,40.3898981937673],[-73.9822944219236,40.3899151942638]]}},{"type":"Feature","id":269187,"properties":{"OBJECTID":269187,"PRIMENAME":"Cheerful Place","ELEVTYP_F":0,"ELEVTYP_T":0},"geometry":{"type":"LineString","coordinates":[[-73.9937814012237,40.4061318484],[-73.993679159979,40.4060892633445],[-73.9931380995899,40.4058638211282]]}},{"type":"Feature","id":269628,"properties":{"OBJECTID":269628,"PRIMENAME":"Marine Place","ELEVTYP_F":0,"ELEVTYP_T":0},"geometry":{"type":"LineString","coordinates":[[-73.9922389085202,40.4079075857406],[-73.9922366604401,40.4079066563141],[-73.9918691130073,40.4077529873832],[-73.991812765636,40.4077293780226]]}},{"type":"Feature","id":271475,"properties":{"OBJECTID":271475,"PRIMENAME":"Shore Drive","ELEVTYP_F":0,"ELEVTYP_T":0},"geometry":{"type":"LineString","coordinates":[[-74.0004605405628,40.4080019110053],[-74.0011089804906,40.4083589462409]]}},{"type":"Feature","id":272422,"properties":{"OBJECTID":272422,"PRIMENAME":"Grand Tour","ELEVTYP_F":0,"ELEVTYP_T":0},"geometry":{"type":"LineString","coordinates":[[-73.988175418035,40.3960321251998],[-73.9881857093685,40.3959438582496],[-73.9881997192722,40.3957437704674],[-73.9882072657578,40.3955674544505],[-73.9882020284373,40.3954387933889],[-73.9881776170218,40.3953719225051],[-73.9881286121618,40.3952525928982],[-73.9880180388886,40.3950423734228],[-73.988006295301,40.3950237636839]]}},{"type":"Feature","id":273563,"properties":{"OBJECTID":273563,"PRIMENAME":"Bayview Terrace","ELEVTYP_F":0,"ELEVTYP_T":0},"geometry":{"type":"LineString","coordinates":[[-73.9951874258161,40.400146196464],[-73.9951594265587,40.4001381954065],[-73.9950914263188,40.4001271961693],[-73.9949744254783,40.4001201960916],[-73.994900426358,40.4001301951288],[-73.9948064264647,40.4001711950976],[-73.9947444255278,40.4002251959836],[-73.9946684255885,40.4003281954285],[-73.9946174262361,40.4003881957657],[-73.9945484262712,40.4004531952149],[-73.9944874263457,40.4005011948549],[-73.9943154254767,40.4006171947897],[-73.994237426666,40.4006571952051],[-73.994108426562,40.4007061968181],[-73.9940524262458,40.4007221957758],[-73.9939354259491,40.4007481959693],[-73.9937064249484,40.4007831957595],[-73.9935454269647,40.4007981951996],[-73.9933414255559,40.400808195666],[-73.9932895006975,40.4008069648189],[-73.993088426778,40.4008021954323]]}},{"type":"Feature","id":274966,"properties":{"OBJECTID":274966,"PRIMENAME":"Sea View Terrace","ELEVTYP_F":0,"ELEVTYP_T":0},"geometry":{"type":"LineString","coordinates":[[-73.9939754272142,40.3991401945181],[-73.9941904258569,40.3992561949329],[-73.9942414257037,40.3992931948339],[-73.9942794261512,40.3993351958654],[-73.9943334242533,40.3994091946083],[-73.994361425257,40.3994661944079]]}},{"type":"Feature","id":275507,"properties":{"OBJECTID":275507,"PRIMENAME":"Coquette Lane","ELEVTYP_F":0,"ELEVTYP_T":0},"geometry":{"type":"LineString","coordinates":[[-73.9982584262274,40.4005891961635],[-73.9981314250859,40.4005451962383],[-73.9980894274146,40.4005341963371],[-73.9980274279302,40.4005281964169],[-73.9979574273335,40.4005311951642],[-73.9978724278649,40.4005431945997],[-73.9977424273647,40.4005811945864],[-73.9975444271438,40.4006521956976],[-73.9973064276773,40.4007131956764],[-73.997201427889,40.4007311969064],[-73.9969984276251,40.4007531948239],[-73.9965984257533,40.4007621960429]]}},{"type":"Feature","id":275586,"properties":{"OBJECTID":275586,"PRIMENAME":"Unnamed Segment","ELEVTYP_F":0,"ELEVTYP_T":0},"geometry":{"type":"LineString","coordinates":[[-73.9823414200793,40.3896841942076],[-73.982317420765,40.3897781931929],[-73.9822944219236,40.3899151942638]]}},{"type":"Feature","id":275675,"properties":{"OBJECTID":275675,"PRIMENAME":"Cedar Street","ELEVTYP_F":0,"ELEVTYP_T":0},"geometry":{"type":"LineString","coordinates":[[-73.9890930202008,40.4036258423518],[-73.9890929834655,40.4036307011496],[-73.9890802352343,40.403673524355],[-73.9886734704762,40.4041793340298]]}},{"type":"Feature","id":278238,"properties":{"OBJECTID":278238,"PRIMENAME":"South Peak Street","ELEVTYP_F":0,"ELEVTYP_T":0},"geometry":{"type":"LineString","coordinates":[[-73.9870181314991,40.3967879839371],[-73.9871033424931,40.396829704115],[-73.9872433916946,40.3968983228271],[-73.9873260836985,40.3969645183345],[-73.9873973048808,40.3970328316791],[-73.9874711464779,40.3971296790359],[-73.9875019991311,40.3971701420432],[-73.9875404731135,40.3972206044258]]}},{"type":"Feature","id":279055,"properties":{"OBJECTID":279055,"PRIMENAME":"Linden Avenue","ELEVTYP_F":0,"ELEVTYP_T":0},"geometry":{"type":"LineString","coordinates":[[-73.9949406108986,40.4039145466027],[-73.9948617307299,40.4039080803699],[-73.9945328585217,40.4038811126916],[-73.9944566082997,40.4038735048582],[-73.9943899283339,40.403858609403],[-73.9942995505271,40.4038290604065],[-73.9942186610718,40.4038031761244],[-73.9941046506118,40.4037406916156],[-73.9939907756674,40.4036599804053],[-73.9938231404368,40.4035703857929]]}},{"type":"Feature","id":279165,"properties":{"OBJECTID":279165,"PRIMENAME":"Chestnut Street","ELEVTYP_F":0,"ELEVTYP_T":0},"geometry":{"type":"LineString","coordinates":[[-73.9876201994112,40.3960439405929],[-73.9876106124837,40.3953002609714],[-73.9876148170233,40.3952097713235],[-73.9876154624886,40.3951246193234],[-73.9876261969539,40.3950820899081],[-73.9876437314164,40.3950661902017],[-73.9876856087815,40.3950504262662],[-73.9878006205198,40.3950349592683],[-73.9879363951542,40.3950275719025],[-73.988006295301,40.3950237636839]]}},{"type":"Feature","id":280278,"properties":{"OBJECTID":280278,"PRIMENAME":"Miller Street","ELEVTYP_F":0,"ELEVTYP_T":0},"geometry":{"type":"LineString","coordinates":[[-73.9882557972209,40.39969477506],[-73.9883416884852,40.3995997609609],[-73.9886234395715,40.399288003634],[-73.9888953636966,40.3989983012177],[-73.9889577333123,40.398931842007]]}},{"type":"Feature","id":280546,"properties":{"OBJECTID":280546,"PRIMENAME":"Recreation Place","ELEVTYP_F":0,"ELEVTYP_T":0},"geometry":{"type":"LineString","coordinates":[[-73.9931199786866,40.4070587914361],[-73.9930361971195,40.4070253453853],[-73.9924756192643,40.4068016806481]]}},{"type":"Feature","id":282231,"properties":{"OBJECTID":282231,"PRIMENAME":"Unnamed Segment","ELEVTYP_F":0,"ELEVTYP_T":0},"geometry":{"type":"LineString","coordinates":[[-74.0034852557441,40.4058146701189],[-74.0034851350266,40.405814904668],[-74.0034641871839,40.4058556524937],[-74.0034398257985,40.4059023848277],[-74.0034350425346,40.4059123154718],[-74.0034261451767,40.4059321796332],[-74.0034176906226,40.4059523888399],[-74.0034101360775,40.4059727721325],[-74.0034030255615,40.4059933338572],[-74.0033934300447,40.4060281969995]]}},{"type":"Feature","id":282916,"properties":{"OBJECTID":282916,"PRIMENAME":"Highland Avenue","ELEVTYP_F":0,"ELEVTYP_T":0},"geometry":{"type":"LineString","coordinates":[[-73.9813688106113,40.3963873204135],[-73.9815711893132,40.3963774175283],[-73.9816465853749,40.3963777555354],[-73.9817313924294,40.3963799369586],[-73.981825966168,40.3963941127094]]}},{"type":"Feature","id":283048,"properties":{"OBJECTID":283048,"PRIMENAME":"Park Way","ELEVTYP_F":0,"ELEVTYP_T":0},"geometry":{"type":"LineString","coordinates":[[-73.9965984257533,40.4007621960429],[-73.9964514274045,40.4006171947837],[-73.9964124254688,40.4005731951882],[-73.9963644268367,40.4005011950622],[-73.9963334264689,40.4003681955227],[-73.9963334272288,40.4003201967098],[-73.9963424248119,40.400266195578],[-73.9963874262808,40.4001721961348],[-73.9965294256058,40.39999119643],[-73.9965494274231,40.3999551947903],[-73.9965854273803,40.3998381951017]]}},{"type":"Feature","id":283145,"properties":{"OBJECTID":283145,"PRIMENAME":"Cornwall Street","ELEVTYP_F":0,"ELEVTYP_T":0},"geometry":{"type":"LineString","coordinates":[[-73.9852827338984,40.4014665653761],[-73.9848165649299,40.4019627089108],[-73.9847689290018,40.4020125957446]]}},{"type":"Feature","id":283398,"properties":{"OBJECTID":283398,"PRIMENAME":"Shore Drive","ELEVTYP_F":0,"ELEVTYP_T":0},"geometry":{"type":"LineString","coordinates":[[-73.9978324557974,40.4065148393046],[-73.9982399287803,40.4067472327131]]}},{"type":"Feature","id":285424,"properties":{"OBJECTID":285424,"PRIMENAME":"Navesink Avenue","ELEVTYP_F":0,"ELEVTYP_T":0},"geometry":{"type":"LineString","coordinates":[[-74.0050120584408,40.4052048416301],[-74.0049878122573,40.4052681916257]]}},{"type":"Feature","id":286619,"properties":{"OBJECTID":286619,"PRIMENAME":"West Twin Road","ELEVTYP_F":0,"ELEVTYP_T":0},"geometry":{"type":"LineString","coordinates":[[-73.9932545416619,40.4006693034135],[-73.993088426778,40.4008021954323]]}},{"type":"Feature","id":288060,"properties":{"OBJECTID":288060,"PRIMENAME":"Shrewsbury Avenue","ELEVTYP_F":0,"ELEVTYP_T":0},"geometry":{"type":"LineString","coordinates":[[-73.9832642767572,40.4003107441884],[-73.9830727821476,40.3993906986456],[-73.9830756632516,40.3993878240677]]}},{"type":"Feature","id":288981,"properties":{"OBJECTID":288981,"PRIMENAME":"Bayside Drive","ELEVTYP_F":0,"ELEVTYP_T":0},"geometry":{"type":"LineString","coordinates":[[-73.9978324557974,40.4065148393046],[-73.9978534613677,40.4064668083753],[-73.9979872344437,40.4061610550827]]}},{"type":"Feature","id":289218,"properties":{"OBJECTID":289218,"PRIMENAME":"Center Street","ELEVTYP_F":0,"ELEVTYP_T":0},"geometry":{"type":"LineString","coordinates":[[-73.9843079977638,40.4011342032125],[-73.9842455384584,40.4008163646925],[-73.9842277924437,40.4007138087245]]}},{"type":"Feature","id":289359,"properties":{"OBJECTID":289359,"PRIMENAME":"Shore Drive","ELEVTYP_F":0,"ELEVTYP_T":0},"geometry":{"type":"LineString","coordinates":[[-73.9997882355994,40.407624263088],[-74.0002271327756,40.4078733626092],[-74.0004605405628,40.4080019110053]]}},{"type":"Feature","id":289589,"properties":{"OBJECTID":289589,"PRIMENAME":"Light House Road","ELEVTYP_F":0,"ELEVTYP_T":0},"geometry":{"type":"LineString","coordinates":[[-73.9861611348907,40.3975164091442],[-73.9861986430989,40.3975081620152],[-73.9862801799296,40.3974663859402],[-73.9863618178282,40.3974112969624],[-73.9863994214871,40.3973816410248],[-73.9864289331704,40.3973583662113],[-73.9864903173988,40.3972987668321],[-73.9865196821283,40.3972523394319],[-73.9865374650555,40.3971991895381],[-73.9865377182161,40.3971658641954],[-73.9865379198658,40.3971393195596],[-73.9865325595656,40.397124946724],[-73.9865180372758,40.3970860024088],[-73.9864579309178,40.3969726346211],[-73.9863607378909,40.3967925869279],[-73.9862661473125,40.3966435715359],[-73.9862173565127,40.396576838715]]}},{"type":"Feature","id":289908,"properties":{"OBJECTID":289908,"PRIMENAME":"Washington Avenue","ELEVTYP_F":0,"ELEVTYP_T":0},"geometry":{"type":"LineString","coordinates":[[-73.991859312403,40.4053314945218],[-73.992488188065,40.4044541030531],[-73.9925389364713,40.404381276571]]}},{"type":"Feature","id":293717,"properties":{"OBJECTID":293717,"PRIMENAME":"Bay Street","ELEVTYP_F":0,"ELEVTYP_T":0},"geometry":{"type":"LineString","coordinates":[[-73.9894558484953,40.3986014658881],[-73.989404291378,40.3985770532943],[-73.9892315171541,40.3984952810838],[-73.989101941399,40.3984320915015],[-73.9888956679227,40.3983170352467],[-73.9888285439537,40.3982762204414],[-73.9887854019377,40.3982502524359],[-73.9887376708891,40.3981947816021],[-73.9886565790786,40.3980876636041],[-73.9885612489596,40.3979546782723],[-73.9884708503273,40.3978106511862],[-73.9883853389669,40.3976519318577],[-73.9883236122259,40.3975338087884],[-73.9882571315289,40.3974083352182],[-73.9882097565193,40.3973013111686],[-73.9881862017942,40.3972349385512],[-73.9881809045105,40.3971731490531],[-73.9881773597129,40.3971317911776],[-73.9881875680748,40.3970545054092],[-73.9882122937819,40.3969662204025],[-73.9882809084797,40.3968192456242],[-73.9883103331708,40.3967457231023],[-73.9883203461872,40.3966942137387],[-73.9883062750669,40.3966462760236],[-73.9882486555762,40.3966165655228],[-73.9879939989597,40.3965381063564],[-73.9879207429978,40.3965155460045]]}},{"type":"Feature","id":294549,"properties":{"OBJECTID":294549,"PRIMENAME":"Waterwitch Drive","ELEVTYP_F":0,"ELEVTYP_T":0},"geometry":{"type":"LineString","coordinates":[[-73.9959194145372,40.4025410505927],[-73.9960194286298,40.4022831960281],[-73.9960814262818,40.4020881953976],[-73.996095426308,40.401998196737],[-73.9960954256565,40.4019421957295],[-73.9960874258128,40.4018981969388],[-73.9960184285374,40.401771196643],[-73.9958184259205,40.4014941960646],[-73.995769427082,40.4014041965177],[-73.9957534256106,40.401349195691],[-73.9957324248157,40.4012121966361],[-73.9957324276587,40.4010461948382],[-73.9957404256324,40.4009591961863],[-73.9957434261958,40.4009261962421],[-73.9957404252832,40.4008311960533]]}},{"type":"Feature","id":295557,"properties":{"OBJECTID":295557,"PRIMENAME":"Snug Harbor Avenue","ELEVTYP_F":0,"ELEVTYP_T":0},"geometry":{"type":"LineString","coordinates":[[-73.992409861821,40.4079782143588],[-73.9922389085202,40.4079075857406]]}},{"type":"Feature","id":297111,"properties":{"OBJECTID":297111,"PRIMENAME":"Snug Harbor Avenue","ELEVTYP_F":0,"ELEVTYP_T":0},"geometry":{"type":"LineString","coordinates":[[-73.9944649327581,40.4051703549017],[-73.9944023291921,40.4052584205698],[-73.9937814012237,40.4061318484]]}},{"type":"Feature","id":299957,"properties":{"OBJECTID":299957,"PRIMENAME":"Unnamed Segment","ELEVTYP_F":0,"ELEVTYP_T":0},"geometry":{"type":"LineString","coordinates":[[-73.9981524279643,40.4088191970926],[-73.998478427184,40.4082461963737]]}},{"type":"Feature","id":300876,"properties":{"OBJECTID":300876,"PRIMENAME":"Unnamed Segment","ELEVTYP_F":0,"ELEVTYP_T":0},"geometry":{"type":"LineString","coordinates":[[-73.9822944219236,40.3899151942638],[-73.9823744206595,40.3899141933195],[-73.9827154207048,40.3899101928895],[-73.9827954217371,40.3899031933795],[-73.982881422651,40.3898661940968],[-73.9829324216246,40.3898311943849],[-73.9829694214651,40.3897961933025],[-73.9830464212054,40.3896811939597]]}},{"type":"Feature","id":301905,"properties":{"OBJECTID":301905,"PRIMENAME":"Portland Road","ELEVTYP_F":0,"ELEVTYP_T":0},"geometry":{"type":"LineString","coordinates":[[-73.9827120466653,40.3966761785573],[-73.9827784524005,40.3961160265997]]}},{"type":"Feature","id":303203,"properties":{"OBJECTID":303203,"PRIMENAME":"Wigwam Road","ELEVTYP_F":0,"ELEVTYP_T":0},"geometry":{"type":"LineString","coordinates":[[-74.0007252870734,40.3912075159458],[-74.0006569968665,40.391174032359],[-74.0004706913885,40.3910826914082],[-74.0002781743017,40.3909817710876],[-74.0000795880436,40.3908712981005],[-73.9998995656931,40.3907704311646],[-73.9997255430599,40.3906981943448],[-73.9996014595646,40.3906213963635],[-73.9995148190144,40.390535235104],[-73.9994467772768,40.390468205603],[-73.9994037576557,40.3903870091842],[-73.9993606664506,40.3903105624332],[-73.9992866967262,40.3902005996064],[-73.9992125149543,40.3901192960955],[-73.9990824327154,40.3900091459557],[-73.9989770190049,40.3899371772652],[-73.998803282169,40.3898268097378],[-73.9986542852723,40.3897499036508],[-73.9985362021477,40.3897017349781],[-73.9983993809494,40.3896630110146],[-73.9982997901698,40.3896435006396],[-73.9981627572358,40.3896285758888],[-73.9980568847141,40.3896186181906],[-73.9979135335526,40.3896179958613],[-73.9977014704452,40.3896361541441],[-73.9974584944432,40.3896207962405],[-73.9973276366198,40.3896202274784],[-73.9972156247321,40.3895959121801],[-73.9971099655659,40.3895525460648],[-73.9970106943385,40.3894901554214],[-73.9969427279882,40.3894136265799],[-73.9968751511987,40.3892798625815],[-73.9968204923007,40.3890842237839],[-73.9968084256028,40.3890317655167],[-73.9967651961798,40.388979144618],[-73.996647294326,40.3889071473707],[-73.9964859861939,40.388806356562],[-73.9963930703362,40.3887296908318],[-73.9963002610284,40.3886387511862],[-73.996251176917,40.3885336718074],[-73.9962455531196,40.3884732195093],[-73.9962396423741,40.3884097046717],[-73.9962468124908,40.388290596032],[-73.9962787896262,40.3881763445472],[-73.9963295431111,40.3880622018536],[-73.996392468241,40.3879766886756],[-73.9964739902541,40.3879103086624],[-73.9965743223959,40.38782493214],[-73.996705922496,40.387730219548],[-73.996825028074,40.3876402024341],[-73.9968940928178,40.3875737679138],[-73.9969694388346,40.3874978354638],[-73.9970449266067,40.3874028234359],[-73.9971257047656,40.387301192113]]}},{"type":"Feature","id":303531,"properties":{"OBJECTID":303531,"PRIMENAME":"Park Way","ELEVTYP_F":0,"ELEVTYP_T":0},"geometry":{"type":"LineString","coordinates":[[-73.99570842611,40.3990501953091],[-73.9956044264105,40.3990111960122],[-73.9955239438889,40.3989843678308],[-73.9954664278678,40.3989651961936],[-73.9952354258474,40.3989071953917],[-73.9948804254638,40.3987991955578],[-73.9946414258617,40.3987521960033],[-73.9945554250883,40.3987451958872],[-73.99445842521,40.3987491948971],[-73.9944034263306,40.3987661954224],[-73.9943084241663,40.398816195237],[-73.994199424224,40.3988921947268],[-73.9940734278379,40.3990091953366],[-73.9939754272142,40.3991401945181]]}},{"type":"Feature","id":304086,"properties":{"OBJECTID":304086,"PRIMENAME":"Unnamed Segment","ELEVTYP_F":0,"ELEVTYP_T":0},"geometry":{"type":"LineString","coordinates":[[-73.9866179070495,40.392987052936],[-73.986370195854,40.3928833093365],[-73.9861542725315,40.3927663085007],[-73.9859138135155,40.3925497338733],[-73.9857533756145,40.3922644425177],[-73.985592833933,40.391992966331],[-73.9852013562129,40.3916790180434],[-73.9849208646014,40.3915009439162]]}},{"type":"Feature","id":304649,"properties":{"OBJECTID":304649,"PRIMENAME":"Bayside Drive","ELEVTYP_F":0,"ELEVTYP_T":0},"geometry":{"type":"LineString","coordinates":[[-73.9974144260964,40.4058551974467],[-73.9977024254838,40.4060211959995]]}},{"type":"Feature","id":304665,"properties":{"OBJECTID":304665,"PRIMENAME":"Huddy Avenue","ELEVTYP_F":0,"ELEVTYP_T":0},"geometry":{"type":"LineString","coordinates":[[-73.9931885673879,40.4046506814181],[-73.9935251765017,40.4041727143292],[-73.9935702926581,40.4041086196543]]}},{"type":"Feature","id":305280,"properties":{"OBJECTID":305280,"PRIMENAME":"Grand Tour","ELEVTYP_F":0,"ELEVTYP_T":0},"geometry":{"type":"LineString","coordinates":[[-73.9879207429978,40.3965155460045],[-73.9880963329533,40.3962246504117],[-73.9881531369532,40.3961295895751],[-73.9881724203802,40.3960582179551],[-73.988175418035,40.3960321251998]]}},{"type":"Feature","id":306081,"properties":{"OBJECTID":306081,"PRIMENAME":"Shore Drive","ELEVTYP_F":0,"ELEVTYP_T":0},"geometry":{"type":"LineString","coordinates":[[-73.9906675940563,40.4024787231627],[-73.9912743725299,40.4028196825368]]}},{"type":"Feature","id":308325,"properties":{"OBJECTID":308325,"PRIMENAME":"Portland Road","ELEVTYP_F":0,"ELEVTYP_T":0},"geometry":{"type":"LineString","coordinates":[[-73.9833418476107,40.3901222263793],[-73.9834189435321,40.3900951156028],[-73.983518894594,40.3900669846559],[-73.9836124169263,40.3900625712765],[-73.98374323751,40.3900727355383],[-73.9838863347028,40.3901067287283],[-73.9840417809019,40.3901503020458],[-73.9840706379043,40.3901606440943]]}},{"type":"Feature","id":309113,"properties":{"OBJECTID":309113,"PRIMENAME":"5th Street","ELEVTYP_F":0,"ELEVTYP_T":0},"geometry":{"type":"LineString","coordinates":[[-73.988036812368,40.4038290323456],[-73.9885527118257,40.4041129144395],[-73.988590433922,40.4041336717471],[-73.9886734704762,40.4041793340298]]}},{"type":"Feature","id":309966,"properties":{"OBJECTID":309966,"PRIMENAME":"Erie Road","ELEVTYP_F":0,"ELEVTYP_T":0},"geometry":{"type":"LineString","coordinates":[[-74.0043434966633,40.4028584333723],[-74.0043000427897,40.4028344197141],[-74.0042377424268,40.4028294035317],[-74.0041760206046,40.4028409147727],[-74.0039440801403,40.4028841793035],[-74.0037632769005,40.4029179034875]]}},{"type":"Feature","id":310879,"properties":{"OBJECTID":310879,"PRIMENAME":"Barberie Avenue","ELEVTYP_F":0,"ELEVTYP_T":0},"geometry":{"type":"LineString","coordinates":[[-73.9912282785083,40.4050721017406],[-73.9906757790092,40.4058711183622],[-73.9905676360639,40.4060209400268]]}},{"type":"Feature","id":312201,"properties":{"OBJECTID":312201,"PRIMENAME":"FR CO 8 B SB to RT 36 SB","ELEVTYP_F":0,"ELEVTYP_T":0},"geometry":{"type":"LineString","coordinates":[[-74.005309602347,40.4047741637317],[-74.0052321334162,40.4047806402191],[-74.0050796475191,40.4048234715084],[-74.0050415269001,40.4048341790777],[-74.0048924494822,40.4048853232206],[-74.0047084876592,40.4049484340781],[-74.0046234288328,40.4049762894963],[-74.0045272940706,40.4050012702774],[-74.0044386393179,40.4050150007008],[-74.0043167336105,40.4050285885174],[-74.0041838080913,40.4050364738245],[-74.0040398649486,40.4050386836129],[-74.0039702795452,40.4050376438916],[-74.0037205970001,40.4050377253303]]}},{"type":"Feature","id":312559,"properties":{"OBJECTID":312559,"PRIMENAME":"4th Street","ELEVTYP_F":0,"ELEVTYP_T":0},"geometry":{"type":"LineString","coordinates":[[-73.9890930202008,40.4036258423518],[-73.9889270824403,40.4035352772602]]}},{"type":"Feature","id":314163,"properties":{"OBJECTID":314163,"PRIMENAME":"FR RT 36 SB to HIGHLAND AVE","ELEVTYP_F":0,"ELEVTYP_T":0},"geometry":{"type":"LineString","coordinates":[[-73.9831097192384,40.3972276206511],[-73.9829880565412,40.3971500475128],[-73.9829267036208,40.3971109293783],[-73.9828454010759,40.3970561291711],[-73.9827903650835,40.3970175877067],[-73.9827773334898,40.3970033370969],[-73.982758923305,40.3969832145562],[-73.982743408984,40.396950889556],[-73.9827359105932,40.3968984512434],[-73.9827364193959,40.396831965406],[-73.9827366506837,40.3968017426875],[-73.9827298774539,40.3967718443887],[-73.9827120466653,40.3966761785573]]}},{"type":"Feature","id":316445,"properties":{"OBJECTID":316445,"PRIMENAME":"Sea View Terrace","ELEVTYP_F":0,"ELEVTYP_T":0},"geometry":{"type":"LineString","coordinates":[[-73.9919614254261,40.4004341969175],[-73.9919494246018,40.400418196523],[-73.9919274245663,40.4003571966502],[-73.9919264247096,40.4002961962821],[-73.9919354256328,40.4002661949195],[-73.9919574246464,40.4002191952097],[-73.9919774249149,40.4001921953754],[-73.9920514241014,40.400154196351],[-73.9922004254538,40.4000951949759],[-73.9924174243254,40.399982195813],[-73.9924714262692,40.3999371963068],[-73.9925054253808,40.3999121960043],[-73.992665424635,40.3997471952979],[-73.9927764251432,40.3996561959459],[-73.992885426621,40.3995831960565],[-73.9931574260812,40.399431194813],[-73.9935794242649,40.399219196215],[-73.9936204250314,40.3992021960269],[-73.9937074258409,40.3991771959981],[-73.9938144249514,40.3991551952258],[-73.9939754272142,40.3991401945181]]}},{"type":"Feature","id":317175,"properties":{"OBJECTID":317175,"PRIMENAME":"Hartshorne Road","ELEVTYP_F":0,"ELEVTYP_T":0},"geometry":{"type":"LineString","coordinates":[[-74.0060195882761,40.3912962743763],[-74.0060134472161,40.3912965228388],[-74.0057890108084,40.3913027293714],[-74.0056394608866,40.3912949246011],[-74.0055227850736,40.3912694175654],[-74.0054388152082,40.3912440502957],[-74.0053829200818,40.391218775134],[-74.005322504757,40.3911684724364],[-74.0053042447624,40.3911076432046],[-74.0052910282841,40.3910003335122],[-74.0052731504786,40.3908822970218],[-74.0052503118831,40.39081425655],[-74.0052132427658,40.3907676769663],[-74.0051621717164,40.3907209825142],[-74.005087668019,40.3906777840229],[-74.0049966850551,40.3906541363662],[-74.0049897334004,40.3906523287375],[-74.0049103631509,40.3906412559756],[-74.0048168047666,40.3906408553745],[-74.0047326617437,40.390644091294],[-74.004630108261,40.3906555206986],[-74.0045782632847,40.3906613004806],[-74.0036141311782,40.3908144362306],[-74.0024159790016,40.3910023001197],[-74.0021398424646,40.3910475865837],[-74.0020603671064,40.3910507857141],[-74.0019949451822,40.3910469626528],[-74.0019202051637,40.3910359077798],[-74.0018502221549,40.3910177348503],[-74.0017897658925,40.3909781640038],[-74.001754723255,40.3909473325958],[-74.001520342327,40.3907411108275],[-74.0014599317038,40.3906907782133],[-74.0014087050039,40.390665549178],[-74.0013667177755,40.3906582026128],[-74.0013468439342,40.3906606531262]]}},{"type":"Feature","id":318790,"properties":{"OBJECTID":318790,"PRIMENAME":"Shore Drive","ELEVTYP_F":0,"ELEVTYP_T":0},"geometry":{"type":"LineString","coordinates":[[-73.9935702926581,40.4041086196543],[-73.9940685384646,40.4043865249608],[-73.9941635835363,40.4044403064954]]}},{"type":"Feature","id":321204,"properties":{"OBJECTID":321204,"PRIMENAME":"Woodland Street","ELEVTYP_F":0,"ELEVTYP_T":0},"geometry":{"type":"LineString","coordinates":[[-73.9894558484953,40.3986014658881],[-73.9894878238402,40.398518181482],[-73.9894904379743,40.3984810514414],[-73.9894870491432,40.3983164639364],[-73.989478102709,40.3982792549344],[-73.9894667859705,40.3982420624855],[-73.989451091632,40.3981902197742]]}},{"type":"Feature","id":322541,"properties":{"OBJECTID":322541,"PRIMENAME":"Hillside Avenue","ELEVTYP_F":0,"ELEVTYP_T":0},"geometry":{"type":"LineString","coordinates":[[-73.9834767570608,40.3955714186852],[-73.9837137578184,40.395573640734],[-73.9839158627767,40.395583491712],[-73.9840235707261,40.3955889754437]]}},{"type":"Feature","id":323670,"properties":{"OBJECTID":323670,"PRIMENAME":"Miller Street","ELEVTYP_F":0,"ELEVTYP_T":0},"geometry":{"type":"LineString","coordinates":[[-73.9866268095944,40.401419065037],[-73.9860857242314,40.401993447635]]}},{"type":"Feature","id":323798,"properties":{"OBJECTID":323798,"PRIMENAME":"Linden Avenue","ELEVTYP_F":0,"ELEVTYP_T":0},"geometry":{"type":"LineString","coordinates":[[-74.0005089306842,40.4041181308529],[-74.0004413898253,40.4041321412568],[-74.0002902861973,40.4041559200329],[-74.0002659278721,40.4041574206047]]}},{"type":"Feature","id":324191,"properties":{"OBJECTID":324191,"PRIMENAME":"Shore Drive","ELEVTYP_F":0,"ELEVTYP_T":0},"geometry":{"type":"LineString","coordinates":[[-73.9873798668798,40.4006101406666],[-73.9878048366818,40.4008607622401],[-73.988617960829,40.4013218980143],[-73.9887348474325,40.4013874745511]]}},{"type":"Feature","id":325051,"properties":{"OBJECTID":325051,"PRIMENAME":"Shrewsbury Terrace","ELEVTYP_F":0,"ELEVTYP_T":0},"geometry":{"type":"LineString","coordinates":[[-73.9834767570608,40.3955714186852],[-73.9834874212226,40.3952291960511],[-73.9834844225961,40.3947311948653]]}},{"type":"Feature","id":325103,"properties":{"OBJECTID":325103,"PRIMENAME":"Serpentine Drive","ELEVTYP_F":0,"ELEVTYP_T":0},"geometry":{"type":"LineString","coordinates":[[-74.000287241392,40.4036116122491],[-74.0001186942091,40.4034748868287],[-74.0001454140076,40.4033267531237],[-74.000172426929,40.4032491949568],[-74.0001804268549,40.4031971967668],[-74.0001824277951,40.4030841965007],[-74.0001774287101,40.4030241957573],[-74.0001494275014,40.4028981956256],[-74.000056428214,40.4027391968586]]}},{"type":"Feature","id":327519,"properties":{"OBJECTID":327519,"PRIMENAME":"Bedle Place","ELEVTYP_F":0,"ELEVTYP_T":0},"geometry":{"type":"LineString","coordinates":[[-73.9921822707319,40.40606480044],[-73.9921084858425,40.4060347182814],[-73.9918722374164,40.4059383411555]]}},{"type":"Feature","id":328455,"properties":{"OBJECTID":328455,"PRIMENAME":"Highland Avenue","ELEVTYP_F":0,"ELEVTYP_T":0},"geometry":{"type":"LineString","coordinates":[[-73.981825966168,40.3963941127094],[-73.9818796077317,40.3964094235239],[-73.9819783017801,40.3964440928143],[-73.9820557651242,40.3964822712959],[-73.9821450219192,40.3965187003573],[-73.9822600743809,40.3965714573135],[-73.9823282223926,40.3965951818249],[-73.9824222465,40.396624425075],[-73.9825139573081,40.3966482558437],[-73.9825585991419,40.3966646671803],[-73.9826198048805,40.3966721470913],[-73.9827120466653,40.3966761785573]]}},{"type":"Feature","id":328738,"properties":{"OBJECTID":328738,"PRIMENAME":"Valley Avenue","ELEVTYP_F":0,"ELEVTYP_T":0},"geometry":{"type":"LineString","coordinates":[[-73.9903968481443,40.3996922892343],[-73.9905124666413,40.3996258999389],[-73.9907315105277,40.3995101128479],[-73.9908910576514,40.3994321659589],[-73.9909817012499,40.3993968230368],[-73.9911409972524,40.3993570060787],[-73.9912564165574,40.3993408502696],[-73.991316703084,40.3993314525091]]}},{"type":"Feature","id":328953,"properties":{"OBJECTID":328953,"PRIMENAME":"Hillside Avenue","ELEVTYP_F":0,"ELEVTYP_T":0},"geometry":{"type":"LineString","coordinates":[[-73.9828224696438,40.3955669396807],[-73.9829138316371,40.3955924671858],[-73.9832708915322,40.3955990862113],[-73.9833831998241,40.3955900349134],[-73.9834767570608,40.3955714186852]]}},{"type":"Feature","id":329281,"properties":{"OBJECTID":329281,"PRIMENAME":"Snug Harbor Avenue","ELEVTYP_F":0,"ELEVTYP_T":0},"geometry":{"type":"LineString","coordinates":[[-73.9931199786866,40.4070587914361],[-73.9930035620692,40.4072206026399],[-73.9925180769859,40.4079428925002],[-73.9924948556836,40.4079697476578],[-73.9924774347081,40.4079799655158],[-73.9924558495925,40.4079850593602],[-73.9924291610563,40.4079858482508],[-73.992409861821,40.4079782143588]]}},{"type":"Feature","id":329729,"properties":{"OBJECTID":329729,"PRIMENAME":"Central Avenue","ELEVTYP_F":0,"ELEVTYP_T":0},"geometry":{"type":"LineString","coordinates":[[-73.9954255191841,40.4051567071991],[-73.9953687792805,40.4052387872003],[-73.9953183620055,40.4053117667701],[-73.9952049093062,40.4054759942992]]}},{"type":"Feature","id":330947,"properties":{"OBJECTID":330947,"PRIMENAME":"Oak Street","ELEVTYP_F":0,"ELEVTYP_T":0},"geometry":{"type":"LineString","coordinates":[[-73.988175418035,40.3960321251998],[-73.9880819059919,40.3960341267741],[-73.9876676728156,40.3960429431804],[-73.9876201994112,40.3960439405929]]}},{"type":"Feature","id":331214,"properties":{"OBJECTID":331214,"PRIMENAME":"Waterwitch Drive","ELEVTYP_F":0,"ELEVTYP_T":0},"geometry":{"type":"LineString","coordinates":[[-73.9957404252832,40.4008311960533],[-73.9956914268426,40.4005381953689],[-73.9956714256932,40.4004871957435],[-73.995631427353,40.4004201954465],[-73.9955704261783,40.4003541959921],[-73.9954904257381,40.4002871958563],[-73.9953914264462,40.4002271945037],[-73.9952654241939,40.4001691962114],[-73.9951874258161,40.400146196464]]}},{"type":"Feature","id":332052,"properties":{"OBJECTID":332052,"PRIMENAME":"Portland Road","ELEVTYP_F":0,"ELEVTYP_T":0},"geometry":{"type":"LineString","coordinates":[[-73.9828224696438,40.3955669396807],[-73.9828044839004,40.3954587551213],[-73.9827865792049,40.3953586136571],[-73.9827444995677,40.3952459288796]]}},{"type":"Feature","id":332838,"properties":{"OBJECTID":332838,"PRIMENAME":"Witches Lane","ELEVTYP_F":0,"ELEVTYP_T":0},"geometry":{"type":"LineString","coordinates":[[-73.9942344253394,40.3997851949038],[-73.9940604258515,40.3998411957684],[-73.9940124259119,40.3998611952426]]}},{"type":"Feature","id":332942,"properties":{"OBJECTID":332942,"PRIMENAME":"2nd Street","ELEVTYP_F":0,"ELEVTYP_T":0},"geometry":{"type":"LineString","coordinates":[[-73.988446457484,40.4016833900869],[-73.9885092943387,40.4016788640426],[-73.9894656568455,40.4022099542348]]}},{"type":"Feature","id":334277,"properties":{"OBJECTID":334277,"PRIMENAME":"South 2nd Street","ELEVTYP_F":0,"ELEVTYP_T":0},"geometry":{"type":"LineString","coordinates":[[-73.9845767413867,40.3993532151146],[-73.984822778176,40.3995130641065],[-73.9850460630761,40.3996618036054],[-73.9850875643896,40.39969105934]]}},{"type":"Feature","id":335335,"properties":{"OBJECTID":335335,"PRIMENAME":"South Street","ELEVTYP_F":0,"ELEVTYP_T":0},"geometry":{"type":"LineString","coordinates":[[-73.9830756632516,40.3993878240677],[-73.983248703639,40.3992151627032],[-73.9832982378021,40.3991657244658]]}},{"type":"Feature","id":335764,"properties":{"OBJECTID":335764,"PRIMENAME":"Laurel Drive","ELEVTYP_F":0,"ELEVTYP_T":0},"geometry":{"type":"LineString","coordinates":[[-74.0023524272064,40.4056451961663],[-74.0025764283579,40.4057391971798],[-74.0033934300447,40.4060281969995]]}},{"type":"Feature","id":336117,"properties":{"OBJECTID":336117,"PRIMENAME":"Rogers Street","ELEVTYP_F":0,"ELEVTYP_T":0},"geometry":{"type":"LineString","coordinates":[[-73.9938231404368,40.4035703857929],[-73.9938534777525,40.4035281326052],[-73.9945565679134,40.4025503572411],[-73.9945956824506,40.4024959592372],[-73.9946512362107,40.402418706333]]}},{"type":"Feature","id":339345,"properties":{"OBJECTID":339345,"PRIMENAME":"Miller Street","ELEVTYP_F":0,"ELEVTYP_T":0},"geometry":{"type":"LineString","coordinates":[[-73.9873798668798,40.4006101406666],[-73.9870222183674,40.4009946065362]]}},{"type":"Feature","id":340701,"properties":{"OBJECTID":340701,"PRIMENAME":"Bayside Drive","ELEVTYP_F":0,"ELEVTYP_T":0},"geometry":{"type":"LineString","coordinates":[[-74.0031195415018,40.4082017867724],[-74.0031612061064,40.4082053243017],[-74.0032083811706,40.408212545697],[-74.0033854022217,40.4082396408853],[-74.0035709237132,40.4082881210924],[-74.003795382477,40.4083552429551],[-74.0040154096635,40.4084388442139],[-74.004269789311,40.4085490819923],[-74.0044810065066,40.4086591072236],[-74.0046187383884,40.4087556138568],[-74.0048626616501,40.4089503585961],[-74.0048810847995,40.408965067498],[-74.0051521944974,40.4091646482929],[-74.0054187570909,40.4093873500633],[-74.0056766401449,40.409623274241],[-74.0059648592884,40.4098460403066],[-74.0061456893782,40.4099625487494],[-74.006249122718,40.4100159166413],[-74.0063915446099,40.4100661302297],[-74.0066117381191,40.4101233186597],[-74.007255409501,40.410255002856],[-74.0073978443705,40.4102985991533],[-74.0075316366721,40.4103454800278],[-74.0078293390517,40.4104558674535],[-74.0081613726313,40.4106060958934],[-74.0084629299151,40.4107793348838],[-74.0085708319931,40.4108161668186],[-74.0088170904546,40.4108602025957],[-74.0091757056231,40.4109311774831],[-74.0093767092211,40.4109908325003],[-74.0094131175957,40.4110016379619],[-74.0096803723539,40.4111317388444],[-74.0099906983204,40.4112951012803],[-74.0102365051284,40.4114019689164],[-74.0104177895617,40.4114622510002],[-74.010629467266,40.4115061364879],[-74.01079376691,40.4115167415106],[-74.0109279950517,40.4115040780452],[-74.0111876646971,40.411491971831],[-74.0112332562377,40.4114888736251],[-74.0114170475401,40.4114763884742],[-74.01166803798,40.411467538148],[-74.0118194806886,40.4114681776627],[-74.0119924822678,40.4114722025173],[-74.0121825908015,40.4115093780186],[-74.0124028179884,40.4115632340002],[-74.0127828086749,40.4116640729304],[-74.0130676572884,40.4117611064513],[-74.0133393863133,40.411874719783],[-74.013640902733,40.4120611763998],[-74.0138003705198,40.4121445312882],[-74.0139770766606,40.4122378960872],[-74.0141582478721,40.4123146985848],[-74.014443231818,40.412388642262],[-74.0147328347039,40.4124295249957],[-74.0150398543883,40.4124506614618],[-74.0156019634372,40.4124927125987],[-74.0161036205482,40.4125212758088],[-74.0164538446234,40.4125524990773],[-74.0169035717572,40.41258081461],[-74.017323096128,40.4125991204852],[-74.017452825355,40.4126029556208],[-74.01763009395,40.4126235427255],[-74.0178895309762,40.4126444722044],[-74.0181013707928,40.4126618811704],[-74.0182787329201,40.4126692363598],[-74.018473476482,40.4126667539173],[-74.0186075865478,40.4126606962534],[-74.0187201960086,40.4126479328336],[-74.0188284718371,40.4126285360641],[-74.0189151868309,40.4126057558417],[-74.0189804695203,40.4125464842995],[-74.019019941326,40.412480518066],[-74.0190846188899,40.4122452047216]]}},{"type":"Feature","id":341907,"properties":{"OBJECTID":341907,"PRIMENAME":"Jackson Street","ELEVTYP_F":0,"ELEVTYP_T":0},"geometry":{"type":"LineString","coordinates":[[-73.9845275688217,40.4009277032439],[-73.9843683141315,40.4010647175044],[-73.9843079977638,40.4011342032125]]}},{"type":"Feature","id":342737,"properties":{"OBJECTID":342737,"PRIMENAME":"Hillside Avenue","ELEVTYP_F":0,"ELEVTYP_T":0},"geometry":{"type":"LineString","coordinates":[[-73.9866436093635,40.3976381385063],[-73.9866755128768,40.3976306282835],[-73.9867646487686,40.3976046981775],[-73.986813507361,40.3975917656507],[-73.9868940596152,40.3975614040163],[-73.9869343512776,40.3975418452249],[-73.9869777531538,40.3975003659769],[-73.9869937161691,40.3974834804068],[-73.9870211164489,40.3974544950095],[-73.987050254163,40.3973954106429],[-73.987067900926,40.3973362482769],[-73.9870769182981,40.3972836637478],[-73.987085968014,40.3972266599091],[-73.9870856108015,40.3972240572697]]}},{"type":"Feature","id":343140,"properties":{"OBJECTID":343140,"PRIMENAME":"Hillside Avenue","ELEVTYP_F":0,"ELEVTYP_T":0},"geometry":{"type":"LineString","coordinates":[[-73.9840235707261,40.3955889754437],[-73.9840834216002,40.395588194146]]}},{"type":"Feature","id":344055,"properties":{"OBJECTID":344055,"PRIMENAME":"Atlantic Street","ELEVTYP_F":0,"ELEVTYP_T":0},"geometry":{"type":"LineString","coordinates":[[-73.9906675940563,40.4024787231627],[-73.9906160604097,40.4025507762391],[-73.9900600756936,40.4033279244728]]}},{"type":"Feature","id":346271,"properties":{"OBJECTID":346271,"PRIMENAME":"Bayside Drive","ELEVTYP_F":0,"ELEVTYP_T":0},"geometry":{"type":"LineString","coordinates":[[-73.9967244287738,40.405467197332],[-73.9974144260964,40.4058551974467]]}},{"type":"Feature","id":347065,"properties":{"OBJECTID":347065,"PRIMENAME":"East North Street","ELEVTYP_F":0,"ELEVTYP_T":0},"geometry":{"type":"LineString","coordinates":[[-73.9845166750342,40.4027514294558],[-73.9842095891298,40.4030752519016]]}},{"type":"Feature","id":349983,"properties":{"OBJECTID":349983,"PRIMENAME":"Bay Avenue","ELEVTYP_F":0,"ELEVTYP_T":0},"geometry":{"type":"LineString","coordinates":[[-73.9938043750981,40.4049058241977],[-73.9931885673879,40.4046506814181]]}},{"type":"Feature","id":350145,"properties":{"OBJECTID":350145,"PRIMENAME":"Memorial Parkway","ELEVTYP_F":0,"ELEVTYP_T":0},"geometry":{"type":"LineString","coordinates":[[-74.0037205970001,40.4050377253303],[-74.0031833340312,40.4049664875244],[-74.0026461982201,40.4048926944513],[-74.0025294110836,40.4048743206218],[-74.0023893098788,40.4048522509824],[-74.0022725742724,40.4048267404324],[-74.0021325784278,40.4047903957683],[-74.0019973397068,40.40474690592],[-74.0018760787419,40.4047070732925],[-74.0017641441682,40.4046637114832],[-74.0016243245582,40.4045987625896],[-74.0014985536413,40.4045374424366],[-74.0013402199111,40.4044509736073],[-74.0010980870067,40.4043140979741],[-74.0010079733548,40.4042628138713]]}},{"type":"Feature","id":350359,"properties":{"OBJECTID":350359,"PRIMENAME":"Bay Avenue","ELEVTYP_F":0,"ELEVTYP_T":0},"geometry":{"type":"LineString","coordinates":[[-73.9938043750981,40.4049058241977],[-73.9944649327581,40.4051703549017]]}},{"type":"Feature","id":350945,"properties":{"OBJECTID":350945,"PRIMENAME":"Bay Avenue","ELEVTYP_F":0,"ELEVTYP_T":0},"geometry":{"type":"LineString","coordinates":[[-73.9879520157212,40.4021933937501],[-73.9877411123509,40.4020767784962],[-73.9872941169589,40.4018317141963],[-73.9869622883861,40.4016237477721],[-73.9868039685712,40.4015245249257],[-73.9866268095944,40.401419065037]]}},{"type":"Feature","id":351014,"properties":{"OBJECTID":351014,"PRIMENAME":"State Highway 36","ELEVTYP_F":1,"ELEVTYP_T":0},"geometry":{"type":"LineString","coordinates":[[-73.9815141982299,40.3965681188801],[-73.9816734927275,40.3966318860976],[-73.9818271569765,40.3967006867728],[-73.9823769584619,40.3969552894431]]}},{"type":"Feature","id":351691,"properties":{"OBJECTID":351691,"PRIMENAME":"Memorial Parkway","ELEVTYP_F":0,"ELEVTYP_T":0},"geometry":{"type":"LineString","coordinates":[[-74.0025076954088,40.4049850772407],[-74.0026499888114,40.4050070742077],[-74.0029582725374,40.4050513063812],[-74.0040840426355,40.4051991080189],[-74.0043370267682,40.4052332616225],[-74.0048893537554,40.4053078243],[-74.0049637934085,40.4053178726529],[-74.0049685519541,40.4053185162695]]}},{"type":"Feature","id":352470,"properties":{"OBJECTID":352470,"PRIMENAME":"South Bay Avenue","ELEVTYP_F":0,"ELEVTYP_T":0},"geometry":{"type":"LineString","coordinates":[[-73.981482381035,40.3966647961547],[-73.9814023231112,40.3965284518579]]}},{"type":"Feature","id":352476,"properties":{"OBJECTID":352476,"PRIMENAME":"Memorial Parkway","ELEVTYP_F":0,"ELEVTYP_T":0},"geometry":{"type":"LineString","coordinates":[[-73.9878664613815,40.3996231597121],[-73.9882068487746,40.3997665449283],[-73.9884511742699,40.3998694634653],[-73.9888566468391,40.4000392055665],[-73.9890989836385,40.4001439611586],[-73.9893552434437,40.4002594845603],[-73.9894856170828,40.4003315441872],[-73.9896258370424,40.4004122122314]]}},{"type":"Feature","id":352756,"properties":{"OBJECTID":352756,"PRIMENAME":"Bay Avenue","ELEVTYP_F":0,"ELEVTYP_T":0},"geometry":{"type":"LineString","coordinates":[[-73.9913218247537,40.4038794941633],[-73.9909578938165,40.4037304503641],[-73.9907527869319,40.4036437602251],[-73.9907051053098,40.4036244737314]]}},{"type":"Feature","id":352968,"properties":{"OBJECTID":352968,"PRIMENAME":"Bay Avenue","ELEVTYP_F":0,"ELEVTYP_T":0},"geometry":{"type":"LineString","coordinates":[[-73.9816692474884,40.3970456878588],[-73.9816871184657,40.3970571259644],[-73.9817107342545,40.3970667633145],[-73.9817437520128,40.397069294402],[-73.981771821167,40.3970670371035],[-73.9817917822672,40.3970652199017],[-73.9818021215973,40.3970613817674]]}},{"type":"Feature","id":353343,"properties":{"OBJECTID":353343,"PRIMENAME":"Bay Avenue","ELEVTYP_F":0,"ELEVTYP_T":0},"geometry":{"type":"LineString","coordinates":[[-73.9858117057929,40.4009035806789],[-73.9853274844248,40.4005743124331],[-73.9851074035887,40.4004286904731]]}},{"type":"Feature","id":354078,"properties":{"OBJECTID":354078,"PRIMENAME":"Bay Avenue","ELEVTYP_F":0,"ELEVTYP_T":0},"geometry":{"type":"LineString","coordinates":[[-73.9866268095944,40.401419065037],[-73.9863198914343,40.4012364388324],[-73.9860683798412,40.401072862583]]}},{"type":"Feature","id":354393,"properties":{"OBJECTID":354393,"PRIMENAME":"Bay Avenue","ELEVTYP_F":0,"ELEVTYP_T":0},"geometry":{"type":"LineString","coordinates":[[-73.9919023066892,40.4041171966549],[-73.9913218247537,40.4038794941633]]}},{"type":"Feature","id":354459,"properties":{"OBJECTID":354459,"PRIMENAME":"Memorial Parkway","ELEVTYP_F":0,"ELEVTYP_T":0},"geometry":{"type":"LineString","coordinates":[[-74.0010039481412,40.4043994787571],[-74.0013578112518,40.4045976135626],[-74.0014769954675,40.4046614497821],[-74.0014789223549,40.4046624821192],[-74.0016000511907,40.404720186022],[-74.0017072197242,40.4047671237121],[-74.001754825413,40.4047849418017],[-74.0018424775483,40.4048177506646],[-74.0019544387335,40.4048575432699],[-74.0020943717986,40.4048974571212],[-74.002253049676,40.4049374785154],[-74.0023767494283,40.4049641151373],[-74.0023884675197,40.4049666378283],[-74.0025076954088,40.4049850772407]]}},{"type":"Feature","id":354757,"properties":{"OBJECTID":354757,"PRIMENAME":"South Bay Avenue","ELEVTYP_F":0,"ELEVTYP_T":0},"geometry":{"type":"LineString","coordinates":[[-73.9814023231112,40.3965284518579],[-73.9813688106113,40.3963873204135]]}},{"type":"Feature","id":355352,"properties":{"OBJECTID":355352,"PRIMENAME":"Bay Avenue","ELEVTYP_F":0,"ELEVTYP_T":0},"geometry":{"type":"LineString","coordinates":[[-73.995967291929,40.4057972374716],[-73.9962676684558,40.4059242471499]]}},{"type":"Feature","id":355654,"properties":{"OBJECTID":355654,"PRIMENAME":"Memorial Parkway","ELEVTYP_F":0,"ELEVTYP_T":0},"geometry":{"type":"LineString","coordinates":[[-73.9910753652239,40.4012176730978],[-73.9908219393558,40.4010666338759],[-73.9906172532231,40.4009299011617],[-73.9905723355001,40.4008994453152],[-73.9902776516013,40.4006996226847],[-73.9899520192036,40.4004837349373],[-73.9897044478422,40.4003395378398]]}},{"type":"Feature","id":355719,"properties":{"OBJECTID":355719,"PRIMENAME":"Bay Avenue","ELEVTYP_F":0,"ELEVTYP_T":0},"geometry":{"type":"LineString","coordinates":[[-73.984345471861,40.3999171386307],[-73.9837894366256,40.3995332718578],[-73.9834482843692,40.3993077704197],[-73.9833925275339,40.3992646147465],[-73.9833120346336,40.3991927432299],[-73.9832982378021,40.3991657244658]]}},{"type":"Feature","id":355762,"properties":{"OBJECTID":355762,"PRIMENAME":"Bay Avenue","ELEVTYP_F":0,"ELEVTYP_T":0},"geometry":{"type":"LineString","coordinates":[[-73.9931885673879,40.4046506814181],[-73.9928162287847,40.4044963630882],[-73.9925389364713,40.404381276571]]}},{"type":"Feature","id":355795,"properties":{"OBJECTID":355795,"PRIMENAME":"South Bay Avenue","ELEVTYP_F":0,"ELEVTYP_T":0},"geometry":{"type":"LineString","coordinates":[[-73.981482381035,40.3966647961547],[-73.9814758881587,40.3967206581957],[-73.9814817843809,40.3967645324035],[-73.9814996095612,40.396809107663],[-73.9815149467599,40.3968335739321],[-73.9815527738614,40.3968900525922],[-73.9816049036336,40.3969521532243],[-73.9816293935095,40.3970012588503],[-73.9816692474884,40.3970456878588]]}},{"type":"Feature","id":355813,"properties":{"OBJECTID":355813,"PRIMENAME":"Ocean Avenue","ELEVTYP_F":0,"ELEVTYP_T":0},"geometry":{"type":"LineString","coordinates":[[-73.9946827791535,40.407597890827],[-73.9947060783292,40.4075652156256],[-73.9953960895476,40.4065971840083],[-73.9959253056595,40.4058560203181],[-73.995967291929,40.4057972374716]]}},{"type":"Feature","id":356016,"properties":{"OBJECTID":356016,"PRIMENAME":"Bay Avenue","ELEVTYP_F":0,"ELEVTYP_T":0},"geometry":{"type":"LineString","coordinates":[[-73.984610570482,40.4000965359353],[-73.9843661166787,40.3999314230084],[-73.984345471861,40.3999171386307]]}},{"type":"Feature","id":356324,"properties":{"OBJECTID":356324,"PRIMENAME":"Bay Avenue","ELEVTYP_F":0,"ELEVTYP_T":0},"geometry":{"type":"LineString","coordinates":[[-73.9907051053098,40.4036244737314],[-73.9904668879429,40.4035281102571],[-73.9902743863356,40.4034319775513],[-73.9900600756936,40.4033279244728]]}},{"type":"Feature","id":356661,"properties":{"OBJECTID":356661,"PRIMENAME":"Bay Avenue","ELEVTYP_F":0,"ELEVTYP_T":0},"geometry":{"type":"LineString","coordinates":[[-73.9851074035887,40.4004286904731],[-73.9848560973021,40.4002624492906],[-73.984610570482,40.4000965359353]]}},{"type":"Feature","id":356727,"properties":{"OBJECTID":356727,"PRIMENAME":"State Highway 36","ELEVTYP_F":1,"ELEVTYP_T":1},"geometry":{"type":"LineString","coordinates":[[-73.9813688106113,40.3963873204135],[-73.9812371543695,40.3963391426016],[-73.981049087705,40.3962885238274],[-73.98079598343,40.3962297546353],[-73.9805359647253,40.3961788119316],[-73.9802757864631,40.3961488249722],[-73.9799264253085,40.3961315370933],[-73.9789502606037,40.396137091939]]}},{"type":"Feature","id":357773,"properties":{"OBJECTID":357773,"PRIMENAME":"Memorial Parkway","ELEVTYP_F":0,"ELEVTYP_T":0},"geometry":{"type":"LineString","coordinates":[[-73.9953987728051,40.4025591747292],[-73.9959577767019,40.4026582967389],[-73.9966208539262,40.4027755766831],[-73.9968963135299,40.4028232504541],[-73.9971578165051,40.4028744050995],[-73.9971814577446,40.4028797667539]]}},{"type":"Feature","id":361044,"properties":{"OBJECTID":361044,"PRIMENAME":"Memorial Parkway","ELEVTYP_F":0,"ELEVTYP_T":0},"geometry":{"type":"LineString","coordinates":[[-73.9946512362107,40.402418706333],[-73.9953987728051,40.4025591747292]]}},{"type":"Feature","id":361715,"properties":{"OBJECTID":361715,"PRIMENAME":"Bay Avenue","ELEVTYP_F":0,"ELEVTYP_T":0},"geometry":{"type":"LineString","coordinates":[[-73.9900600756936,40.4033279244728],[-73.9898582173398,40.4032299377169],[-73.9894112509826,40.4029980302173]]}},{"type":"Feature","id":363473,"properties":{"OBJECTID":363473,"PRIMENAME":"Memorial Parkway","ELEVTYP_F":0,"ELEVTYP_T":0},"geometry":{"type":"LineString","coordinates":[[-73.9897044478422,40.4003395378398],[-73.9894537884276,40.4002098746441],[-73.9891043533827,40.4000510611559],[-73.9886010115926,40.3998415218603],[-73.9882557972209,40.39969477506]]}},{"type":"Feature","id":363650,"properties":{"OBJECTID":363650,"PRIMENAME":"State Highway 36","ELEVTYP_F":0,"ELEVTYP_T":0},"geometry":{"type":"LineString","coordinates":[[-73.9831097192384,40.3972276206511],[-73.9828617828343,40.3971065762562],[-73.9825278514227,40.3969265002997],[-73.9824171796388,40.396869370788]]}},{"type":"Feature","id":364533,"properties":{"OBJECTID":364533,"PRIMENAME":"Memorial Parkway","ELEVTYP_F":0,"ELEVTYP_T":0},"geometry":{"type":"LineString","coordinates":[[-74.0005089306842,40.4041181308529],[-74.0007943950439,40.4042806145126],[-74.0010039481412,40.4043994787571]]}},{"type":"Feature","id":365258,"properties":{"OBJECTID":365258,"PRIMENAME":"Memorial Parkway","ELEVTYP_F":0,"ELEVTYP_T":0},"geometry":{"type":"LineString","coordinates":[[-74.0050120584408,40.4052048416301],[-74.0048902297824,40.4051882660964],[-74.0048089385171,40.4051772066542],[-74.0040271201837,40.4050782742828],[-74.0040194363777,40.4050773028552],[-74.0038742838558,40.4050580800886],[-74.0037205970001,40.4050377253303]]}},{"type":"Feature","id":370285,"properties":{"OBJECTID":370285,"PRIMENAME":"Bay Avenue","ELEVTYP_F":0,"ELEVTYP_T":0},"geometry":{"type":"LineString","coordinates":[[-73.9832982378021,40.3991657244658],[-73.983170813641,40.3989157023982],[-73.9829983556011,40.3986337717364],[-73.982899886735,40.3984712572973],[-73.9827208560999,40.3982369254648],[-73.9826282335567,40.3981269236564],[-73.9825167971048,40.3980263096291],[-73.9823432116279,40.3979016160143],[-73.9821323604052,40.3977576760429],[-73.9820705048657,40.3976954402273],[-73.9820148608952,40.3976332331043],[-73.9818927223679,40.3974619745948],[-73.9818151395264,40.3973512046161],[-73.981773693358,40.3972676518333]]}},{"type":"Feature","id":370452,"properties":{"OBJECTID":370452,"PRIMENAME":"Bay Avenue","ELEVTYP_F":0,"ELEVTYP_T":0},"geometry":{"type":"LineString","coordinates":[[-73.9860683798412,40.401072862583],[-73.9858918676893,40.400958099009],[-73.9858117057929,40.4009035806789]]}},{"type":"Feature","id":370741,"properties":{"OBJECTID":370741,"PRIMENAME":"Memorial Parkway","ELEVTYP_F":0,"ELEVTYP_T":0},"geometry":{"type":"LineString","coordinates":[[-74.0069896840966,40.4054673553785],[-74.0068876508797,40.4054541825126],[-74.0064009096078,40.4053905477509],[-74.0057852227035,40.4053100492555],[-74.0050120584408,40.4052048416301]]}},{"type":"Feature","id":370788,"properties":{"OBJECTID":370788,"PRIMENAME":"Memorial Parkway","ELEVTYP_F":0,"ELEVTYP_T":0},"geometry":{"type":"LineString","coordinates":[[-74.0010079733548,40.4042628138713],[-74.0008513126556,40.4041736343549],[-74.0006204233958,40.4040412266035]]}},{"type":"Feature","id":371820,"properties":{"OBJECTID":371820,"PRIMENAME":"Central Avenue","ELEVTYP_F":0,"ELEVTYP_T":0},"geometry":{"type":"LineString","coordinates":[[-73.9952049093062,40.4054759942992],[-73.9950536715016,40.4056949192659],[-73.9940891103502,40.4070681298704]]}},{"type":"Feature","id":371897,"properties":{"OBJECTID":371897,"PRIMENAME":"State Highway 36","ELEVTYP_F":0,"ELEVTYP_T":0},"geometry":{"type":"LineString","coordinates":[[-73.9823769584619,40.3969552894431],[-73.9829169726287,40.397228351224],[-73.9831584375804,40.3973458531684]]}},{"type":"Feature","id":372048,"properties":{"OBJECTID":372048,"PRIMENAME":"State Highway 36","ELEVTYP_F":0,"ELEVTYP_T":1},"geometry":{"type":"LineString","coordinates":[[-73.9824171796388,40.396869370788],[-73.9822616410163,40.3967890838192],[-73.9818383206243,40.3965854707997],[-73.981607073554,40.3964839874929]]}},{"type":"Feature","id":374260,"properties":{"OBJECTID":374260,"PRIMENAME":"Bay Avenue","ELEVTYP_F":0,"ELEVTYP_T":0},"geometry":{"type":"LineString","coordinates":[[-73.9894112509826,40.4029980302173],[-73.9892745077126,40.4029271222372],[-73.9885233344643,40.4025091726821],[-73.9879520157212,40.4021933937501]]}},{"type":"Feature","id":374436,"properties":{"OBJECTID":374436,"PRIMENAME":"South Bay Avenue","ELEVTYP_F":0,"ELEVTYP_T":0},"geometry":{"type":"LineString","coordinates":[[-73.9817783020736,40.3969162193852],[-73.981748576854,40.3969066097079],[-73.9817196846729,40.3968956147545],[-73.9816917358448,40.3968832765054],[-73.9816648370827,40.3968696420702],[-73.9816243005938,40.3968389556012],[-73.9815988807677,40.3968144990838],[-73.9815694670589,40.396783654412],[-73.9815401611681,40.3967395248421],[-73.9814986799061,40.3966864378215],[-73.981482381035,40.3966647961547]]}},{"type":"Feature","id":374966,"properties":{"OBJECTID":374966,"PRIMENAME":"State Highway 36","ELEVTYP_F":0,"ELEVTYP_T":1},"geometry":{"type":"LineString","coordinates":[[-73.9781916375466,40.3962625664553],[-73.9784965211936,40.3962717999866],[-73.9789675131167,40.3962661128319]]}},{"type":"Feature","id":374967,"properties":{"OBJECTID":374967,"PRIMENAME":"State Highway 36","ELEVTYP_F":1,"ELEVTYP_T":1},"geometry":{"type":"LineString","coordinates":[[-73.9789502606037,40.396137091939],[-73.9786414572031,40.3961388477805],[-73.978151493162,40.3961366376196],[-73.9779254993693,40.3961172804163],[-73.9777269546845,40.3960928059156],[-73.9775798658728,40.3960607063561],[-73.9773405507983,40.3959915120287],[-73.9771561185393,40.3959147054712],[-73.9770024642274,40.3958418133218],[-73.9768509911731,40.3957545520821]]}},{"type":"Feature","id":375139,"properties":{"OBJECTID":375139,"PRIMENAME":"State Highway 36","ELEVTYP_F":1,"ELEVTYP_T":1},"geometry":{"type":"LineString","coordinates":[[-73.9814023231112,40.3965284518579],[-73.9814617041531,40.3965471056721],[-73.9815141982299,40.3965681188801]]}},{"type":"Feature","id":376430,"properties":{"OBJECTID":376430,"PRIMENAME":"Memorial Parkway","ELEVTYP_F":0,"ELEVTYP_T":0},"geometry":{"type":"LineString","coordinates":[[-74.0006204233958,40.4040412266035],[-74.000465127145,40.4039521614325]]}},{"type":"Feature","id":377522,"properties":{"OBJECTID":377522,"PRIMENAME":"South Bay Avenue","ELEVTYP_F":0,"ELEVTYP_T":0},"geometry":{"type":"LineString","coordinates":[[-73.9813688106113,40.3963873204135],[-73.9813635399512,40.3963654075631],[-73.9813591402715,40.396347121903],[-73.9813337655361,40.3962194960498],[-73.9812914212756,40.3960525098495],[-73.9812676379555,40.3959046581837],[-73.981244220253,40.3957091794777],[-73.9812330794204,40.39553275309],[-73.9812345770643,40.3954920219504]]}},{"type":"Feature","id":377989,"properties":{"OBJECTID":377989,"PRIMENAME":"State Highway 36","ELEVTYP_F":1,"ELEVTYP_T":1},"geometry":{"type":"LineString","coordinates":[[-73.981607073554,40.3964839874929],[-73.9814763329032,40.3964266653338],[-73.9813688106113,40.3963873204135]]}},{"type":"Feature","id":378046,"properties":{"OBJECTID":378046,"PRIMENAME":"Memorial Parkway","ELEVTYP_F":0,"ELEVTYP_T":0},"geometry":{"type":"LineString","coordinates":[[-73.9971814577446,40.4028797667539],[-73.9973024643672,40.4029072076707],[-73.9973820245707,40.4029271352834],[-73.997382292675,40.4029272030963],[-73.9974331793404,40.4029399486034],[-73.9975731422394,40.4029798680583],[-73.9978064593407,40.4030452279696],[-73.9981376561731,40.4031503234848],[-73.9986694688689,40.4033099284495],[-73.9990706912328,40.4034295991495],[-73.999327217905,40.4035129279702],[-73.9993448749822,40.4035188874153],[-73.9994344977828,40.4035491344064],[-73.9995603798043,40.4035997234432],[-73.9996862091717,40.4036574496996],[-73.9998212956255,40.4037259497094],[-74.0000540420317,40.4038592172949],[-74.0003015691525,40.4040001055709],[-74.0005089306842,40.4041181308529]]}},{"type":"Feature","id":378792,"properties":{"OBJECTID":378792,"PRIMENAME":"Memorial Parkway","ELEVTYP_F":0,"ELEVTYP_T":0},"geometry":{"type":"LineString","coordinates":[[-74.000465127145,40.4039521614325],[-74.0003613139342,40.4038926055888],[-74.0003112263693,40.4038638703301],[-74.0001175305762,40.4037551398501],[-74.0000225290195,40.4037018110043],[-73.9998548539089,40.4036117314002],[-73.9997337450838,40.4035468602457],[-73.9995986427441,40.4034854976483],[-73.9995632271316,40.4034721625851],[-73.9994354244076,40.4034240410996],[-73.9992348263616,40.4033623675027],[-73.998833666889,40.4032391554201],[-73.9981618554595,40.4030396333809],[-73.9976813236414,40.4028945519574],[-73.9974433394746,40.402829198528],[-73.9972473424643,40.4027818706888],[-73.997037243218,40.4027381053585],[-73.9968364898109,40.4026978657989],[-73.9966170738366,40.4026611688282],[-73.9962931251078,40.4026064436991],[-73.9961827310388,40.4025877931983],[-73.9959194145372,40.4025410505927]]}},{"type":"Feature","id":381978,"properties":{"OBJECTID":381978,"PRIMENAME":"State Highway 36","ELEVTYP_F":0,"ELEVTYP_T":1},"geometry":{"type":"LineString","coordinates":[[-73.9789675131167,40.3962661128319],[-73.9800762546117,40.396252716813],[-73.9803673513193,40.3962723641944],[-73.9806513936125,40.3963181752413],[-73.9809147579638,40.3963796107766],[-73.9811233019962,40.3964407997308],[-73.9814023231112,40.3965284518579]]}},{"type":"Feature","id":382132,"properties":{"OBJECTID":382132,"PRIMENAME":"Navesink Avenue","ELEVTYP_F":0,"ELEVTYP_T":0},"geometry":{"type":"LineString","coordinates":[[-73.9831584375804,40.3973458531684],[-73.9834806076582,40.3975025319169],[-73.9844075260847,40.3979534709504],[-73.9846823491381,40.3980904993607],[-73.9849430699461,40.3982310875849],[-73.9851851481098,40.3983679968571],[-73.9854505843159,40.3985121462522],[-73.9857345463382,40.3986706796265],[-73.9860092295301,40.3988220334683],[-73.9861862369123,40.3989086072003],[-73.9863213541157,40.3989700125675],[-73.98647044817,40.3990349392161],[-73.9866708586978,40.3991180739136],[-73.9869458253779,40.3992372540509],[-73.98698029573,40.399251582195],[-73.987588972835,40.3995046019411],[-73.9878664613815,40.3996231597121]]}},{"type":"Feature","id":382437,"properties":{"OBJECTID":382437,"PRIMENAME":"Gravelly Point Road","ELEVTYP_F":0,"ELEVTYP_T":0},"geometry":{"type":"LineString","coordinates":[[-73.9962676684558,40.4059242471499],[-73.996423427845,40.4060031967373],[-73.9964634273347,40.4060561971419],[-73.996471427529,40.4061041965259],[-73.9964474277483,40.4061671963311],[-73.9964104256324,40.4062241961714],[-73.9958464270158,40.4070051979447],[-73.9956804258038,40.4072211979625],[-73.9951614270831,40.407981196817],[-73.9950974263426,40.4080481961312],[-73.9949264261746,40.407970196831]]}},{"type":"Feature","id":383595,"properties":{"OBJECTID":383595,"PRIMENAME":"Navesink Avenue","ELEVTYP_F":0,"ELEVTYP_T":0},"geometry":{"type":"LineString","coordinates":[[-73.9879309173358,40.3995584638556],[-73.9875896500656,40.3994152774706],[-73.9869809981163,40.3991590488497],[-73.9868859335471,40.3991190285115],[-73.9864711268675,40.398945614754],[-73.9863546355837,40.3988950522715],[-73.9861822680989,40.3988120695598],[-73.9859866983114,40.3987111390313],[-73.9857585100764,40.3985885963099],[-73.9854326847946,40.398401271413],[-73.9848879028859,40.3981057453548],[-73.9844501795598,40.3978786088207],[-73.9839703692986,40.397647686548],[-73.9833788339065,40.3973591084151],[-73.9831097192384,40.3972276206511]]}},{"type":"Feature","id":383736,"properties":{"OBJECTID":383736,"PRIMENAME":"Bay Avenue","ELEVTYP_F":0,"ELEVTYP_T":0},"geometry":{"type":"LineString","coordinates":[[-73.9817783020736,40.3969162193852],[-73.9817703742732,40.3969153874403],[-73.9817623881066,40.3969150011864],[-73.9817543863809,40.396915062694],[-73.9817464119863,40.3969155716332],[-73.9817385076667,40.3969165252761],[-73.9817307157904,40.3969179185111],[-73.981723078123,40.3969197438702],[-73.9817156356034,40.3969219915693],[-73.9817084281246,40.3969246495603],[-73.9817014943198,40.396927703596],[-73.981694871355,40.3969311373065],[-73.9816885947305,40.3969349322864],[-73.9816826980899,40.3969390681942],[-73.9816772130401,40.3969435228608],[-73.9816721689819,40.3969482724086],[-73.9816675929523,40.3969532913792],[-73.9816635094794,40.3969585528702],[-73.9816599404516,40.3969640286793],[-73.9816569049994,40.3969696894553],[-73.9816544193935,40.3969755048557],[-73.9816524969571,40.3969814437089],[-73.9816511479952,40.3969874741817],[-73.9816503797383,40.39699356395],[-73.9816501963047,40.3969996803716],[-73.9816505986778,40.3970057906615],[-73.9816515847009,40.3970118620676],[-73.9816531490889,40.3970178620461],[-73.9816552834567,40.3970237584363],[-73.9816579763637,40.3970295196324],[-73.9816612133758,40.3970351147536],[-73.9816649771421,40.397040513809],[-73.9816692474884,40.3970456878588]]}},{"type":"Feature","id":384852,"properties":{"OBJECTID":384852,"PRIMENAME":"Bay Avenue","ELEVTYP_F":0,"ELEVTYP_T":0},"geometry":{"type":"LineString","coordinates":[[-73.9944649327581,40.4051703549017],[-73.9946517880998,40.4052451809962],[-73.9952049093062,40.4054759942992]]}},{"type":"Feature","id":388778,"properties":{"OBJECTID":388778,"PRIMENAME":"King Street","ELEVTYP_F":0,"ELEVTYP_T":0},"geometry":{"type":"LineString","coordinates":[[-74.0007146452404,40.4071182161147],[-74.0007261838791,40.40713613736],[-74.0007259642003,40.4071658665731],[-74.0007178628523,40.4072075033525],[-74.00062992299,40.4075225415876],[-74.000581729927,40.407721687621],[-74.0005657271046,40.4077781958647],[-74.0004945452724,40.4079296130566],[-74.0004605405628,40.4080019110053]]}},{"type":"Feature","id":389601,"properties":{"OBJECTID":389601,"PRIMENAME":"Beach Boulevard","ELEVTYP_F":0,"ELEVTYP_T":0},"geometry":{"type":"LineString","coordinates":[[-73.9946827791535,40.407597890827],[-73.9946890410358,40.407600910122],[-73.9950062352139,40.4077321142734]]}},{"type":"Feature","id":392035,"properties":{"OBJECTID":392035,"PRIMENAME":"South Bay Avenue","ELEVTYP_F":0,"ELEVTYP_T":0},"geometry":{"type":"LineString","coordinates":[[-73.9812345770643,40.3954920219504],[-73.9812409717907,40.3953183365245],[-73.9812362614256,40.3951181376946],[-73.981193048416,40.3942505547853]]}},{"type":"Feature","id":395131,"properties":{"OBJECTID":395131,"PRIMENAME":"Bay Avenue","ELEVTYP_F":0,"ELEVTYP_T":0},"geometry":{"type":"LineString","coordinates":[[-73.9952049093062,40.4054759942992],[-73.9953789620561,40.4055486225],[-73.995967291929,40.4057972374716]]}},{"type":"Feature","id":396154,"properties":{"OBJECTID":396154,"PRIMENAME":"Memorial Parkway","ELEVTYP_F":0,"ELEVTYP_T":0},"geometry":{"type":"LineString","coordinates":[[-73.9959194145372,40.4025410505927],[-73.9954882565638,40.4024645105765],[-73.9953983053362,40.4024485423694],[-73.9948519787155,40.4023496369562],[-73.9943524121968,40.4022545297168],[-73.9939975831419,40.4021850619113],[-73.993708131876,40.4021266131455],[-73.9934467260833,40.4020682595024],[-73.9930873094644,40.401988062879],[-73.9927979417902,40.4019188513348],[-73.9925646511692,40.4018607009788],[-73.9923173045105,40.4017952688945],[-73.9921586841574,40.4017445002697],[-73.9919955489557,40.4016830056636],[-73.9918370362391,40.4016179898187],[-73.9916739823675,40.4015457621685],[-73.9915202464801,40.4014664646976],[-73.9913526321729,40.4013799413671],[-73.9911058806915,40.4012358598662],[-73.9910753652239,40.4012176730978]]}},{"type":"Feature","id":396405,"properties":{"OBJECTID":396405,"PRIMENAME":"Memorial Parkway","ELEVTYP_F":0,"ELEVTYP_T":0},"geometry":{"type":"LineString","coordinates":[[-73.9923709820042,40.4019249384799],[-73.992577734263,40.401978635279],[-73.9925900953672,40.4019816976665],[-73.9928717789443,40.4020514641484],[-73.9932125769822,40.4021244422545],[-73.9935252323383,40.4022008653331],[-73.9936334438593,40.4022228871192],[-73.9937539442949,40.4022474087508]]}},{"type":"Feature","id":396875,"properties":{"OBJECTID":396875,"PRIMENAME":"Memorial Parkway","ELEVTYP_F":0,"ELEVTYP_T":0},"geometry":{"type":"LineString","coordinates":[[-73.9937539442949,40.4022474087508],[-73.9939053722414,40.402278218811],[-73.99399208473,40.4022958600072],[-73.9946512362107,40.402418706333]]}},{"type":"Feature","id":396932,"properties":{"OBJECTID":396932,"PRIMENAME":"Memorial Parkway","ELEVTYP_F":0,"ELEVTYP_T":0},"geometry":{"type":"LineString","coordinates":[[-73.9896258370424,40.4004122122314],[-73.9897927912512,40.4005187744403],[-73.9900486222157,40.4006914761602],[-73.9904393994636,40.4009541265494],[-73.9904916146984,40.4009885729237],[-73.9907557546904,40.40116283447],[-73.9909930800884,40.4013140119098],[-73.9912864128104,40.4014761150887],[-73.9915471873529,40.4016131193781],[-73.9917894791482,40.4017250067071],[-73.9919153166279,40.4017756047728],[-73.992073882255,40.4018334831564],[-73.9921951321963,40.4018733260171],[-73.9923709820042,40.4019249384799]]}},{"type":"Feature","id":397337,"properties":{"OBJECTID":397337,"PRIMENAME":"Bay Avenue","ELEVTYP_F":0,"ELEVTYP_T":0},"geometry":{"type":"LineString","coordinates":[[-73.9816692474884,40.3970456878588],[-73.9816889635465,40.3970910335066],[-73.9817208231672,40.3971774677393],[-73.981773693358,40.3972676518333]]}},{"type":"Feature","id":398630,"properties":{"OBJECTID":398630,"PRIMENAME":"Bay Avenue","ELEVTYP_F":0,"ELEVTYP_T":0},"geometry":{"type":"LineString","coordinates":[[-73.9818021215973,40.3970613817674],[-73.9818357584702,40.3970320184587],[-73.981845446856,40.3970159755028],[-73.9818504435926,40.3969882085777],[-73.9818401506823,40.3969581800751],[-73.9818154508878,40.3969361306462],[-73.9817783020736,40.3969162193852]]}},{"type":"Feature","id":399426,"properties":{"OBJECTID":399426,"PRIMENAME":"Bay Avenue","ELEVTYP_F":0,"ELEVTYP_T":0},"geometry":{"type":"LineString","coordinates":[[-73.9925389364713,40.404381276571],[-73.9919461255397,40.4041351228257],[-73.9919023066892,40.4041171966549]]}},{"type":"Feature","id":401000,"properties":{"OBJECTID":401000,"PRIMENAME":"Beach Boulevard","ELEVTYP_F":0,"ELEVTYP_T":0},"geometry":{"type":"LineString","coordinates":[[-73.9940891103502,40.4070681298704],[-73.9942740963943,40.4072589158054],[-73.9945611049605,40.4075220041916],[-73.9945839470803,40.4075408265624],[-73.9946158943924,40.4075619934666],[-73.9946448493709,40.4075796618035],[-73.9946827791535,40.407597890827]]}},{"type":"Feature","id":401140,"properties":{"OBJECTID":401140,"PRIMENAME":"Memorial Parkway","ELEVTYP_F":0,"ELEVTYP_T":0},"geometry":{"type":"LineString","coordinates":[[-73.9882557972209,40.39969477506],[-73.9879309173358,40.3995584638556]]}},{"type":"Feature","id":401890,"properties":{"OBJECTID":401890,"PRIMENAME":"Memorial Parkway","ELEVTYP_F":0,"ELEVTYP_T":0},"geometry":{"type":"LineString","coordinates":[[-74.0050322469526,40.4053271099738],[-74.0053966577066,40.405376275446],[-74.0058436447284,40.4054341074279]]}},{"type":"Feature","id":403116,"properties":{"OBJECTID":403116,"PRIMENAME":"Memorial Parkway","ELEVTYP_F":0,"ELEVTYP_T":0},"geometry":{"type":"LineString","coordinates":[[-74.0049685519541,40.4053185162695],[-74.0050322469526,40.4053271099738]]}},{"type":"Feature","id":403117,"properties":{"OBJECTID":403117,"PRIMENAME":"Orchard Avenue","ELEVTYP_F":0,"ELEVTYP_T":0},"geometry":{"type":"LineString","coordinates":[[-74.0049878122573,40.4052681916257],[-74.0049685519541,40.4053185162695]]}},{"type":"Feature","id":403708,"properties":{"OBJECTID":403708,"PRIMENAME":"Portland Road","ELEVTYP_F":0,"ELEVTYP_T":0},"geometry":{"type":"LineString","coordinates":[[-73.9880634883313,40.391506252394],[-73.9883922201773,40.3913022120065],[-73.9884777404524,40.3912144578958]]}},{"type":"Feature","id":403709,"properties":{"OBJECTID":403709,"PRIMENAME":"Unnamed Segment","ELEVTYP_F":0,"ELEVTYP_T":0},"geometry":{"type":"LineString","coordinates":[[-73.9920607957851,40.3924062059045],[-73.9919628796561,40.3923696806811],[-73.9917905467326,40.3922998359813],[-73.9916690803533,40.3922572483496],[-73.9915240661161,40.3922115534022],[-73.9913828447126,40.3921838986269],[-73.9912298161268,40.3921591944752],[-73.9910216531702,40.3921522711274],[-73.9907671511988,40.3921467131685],[-73.9906603024265,40.3921469784064],[-73.9905706504519,40.3921473544321],[-73.9905168030976,40.3921460348518],[-73.9904632367124,40.3921416320191],[-73.9904102528527,40.3921341707202],[-73.9903581497952,40.3921236929591],[-73.9903072208579,40.3921102577212],[-73.9902577527485,40.3920939406413],[-73.9902100239501,40.3920748335776],[-73.9901643031538,40.3920530440946],[-73.9891352896447,40.391520636533],[-73.9888630533418,40.391397911516],[-73.9885511149939,40.3912712140537],[-73.9884777404524,40.3912144578958]]}},{"type":"Feature","id":403710,"properties":{"OBJECTID":403710,"PRIMENAME":"Boonker Loop","ELEVTYP_F":0,"ELEVTYP_T":0},"geometry":{"type":"LineString","coordinates":[[-73.9884777404524,40.3912144578958],[-73.9885567990768,40.3911763005859],[-73.9888608712444,40.3910295405728]]}},{"type":"Feature","id":403711,"properties":{"OBJECTID":403711,"PRIMENAME":"Battery Loop Trail","ELEVTYP_F":0,"ELEVTYP_T":0},"geometry":{"type":"LineString","coordinates":[[-73.9883196806202,40.3909927470454],[-73.98838489891,40.3909211048344],[-73.9887154400062,40.3905580025773],[-73.9891008356367,40.3901647621106],[-73.9891825068015,40.3900878900386]]}},{"type":"Feature","id":403712,"properties":{"OBJECTID":403712,"PRIMENAME":"Unnamed Segment","ELEVTYP_F":0,"ELEVTYP_T":0},"geometry":{"type":"LineString","coordinates":[[-73.9891825068015,40.3900878900386],[-73.9891413127953,40.3900662042964],[-73.9890176417733,40.3900010997548],[-73.9886193789357,40.3898739651294],[-73.9885591181155,40.389852658662],[-73.9885011231378,40.3898279478682],[-73.9884457223617,40.3897999726582],[-73.9883932294571,40.3897688914246],[-73.9883439416285,40.3897348801457],[-73.9882981379326,40.3896981313893],[-73.9882560776979,40.389658853222],[-73.9882179990569,40.3896172680312],[-73.9881841175973,40.389573611266],[-73.9881546251423,40.3895281301039],[-73.988129688664,40.3894810820513],[-73.9881094493384,40.3894327334857],[-73.9880940217464,40.389383358147],[-73.9880834932253,40.3893332355881],[-73.9880779233741,40.3892826495918],[-73.988077343717,40.3892318865642]]}},{"type":"Feature","id":403713,"properties":{"OBJECTID":403713,"PRIMENAME":"Unnamed Segment","ELEVTYP_F":0,"ELEVTYP_T":0},"geometry":{"type":"LineString","coordinates":[[-73.988077343717,40.3892318865642],[-73.9880829904654,40.3891727379647],[-73.9880954086405,40.389114197068],[-73.9881145022683,40.3890567162266],[-73.9881401237937,40.3890007396008],[-73.98828457926,40.3887246958055],[-73.9883067865762,40.3886879074081],[-73.9883338514477,40.388653072843],[-73.9883654834985,40.3886205658372],[-73.9884013433542,40.3885907351457],[-73.9884410462836,40.3885639008102],[-73.9884841663262,40.3885403507252],[-73.9885302408623,40.3885203375494],[-73.9885787755761,40.3885040759956],[-73.9887021325492,40.3884793034953],[-73.9888269143762,40.3884511381322],[-73.9889210142117,40.3884259253418],[-73.9889830729879,40.3884111282315],[-73.9890648792622,40.3883913945513],[-73.9892868074679,40.3883356766831],[-73.9893282988005,40.388324457423],[-73.9893706540223,40.3883153184847],[-73.9894136949467,40.3883082983151],[-73.9894572405031,40.3883034264478],[-73.9895011074976,40.3883007233785],[-73.9895451113843,40.3883002004788],[-73.9895890670415,40.3883018599486],[-73.9896327895504,40.3883056948066],[-73.9896760949728,40.3883116889199],[-73.9897188011251,40.3883198170714],[-73.9897607283448,40.3883300450667],[-73.9898017002458,40.388342329877],[-73.9898415444609,40.3883566198209],[-73.9898800933667,40.3883728547811],[-73.9899171847889,40.3883909664582],[-73.9899526626839,40.3884108786569],[-73.9899860485556,40.3884309220288],[-73.9900317872247,40.3884583808293]]}},{"type":"Feature","id":403717,"properties":{"OBJECTID":403717,"PRIMENAME":"Unnamed Segment","ELEVTYP_F":0,"ELEVTYP_T":0},"geometry":{"type":"LineString","coordinates":[[-73.988077343717,40.3892318865642],[-73.9879021477285,40.3891063545979],[-73.9877400991825,40.389012295956],[-73.9875928242987,40.388921131473],[-73.9874344749917,40.3888270887931],[-73.9872982340068,40.388744458705],[-73.9871805315694,40.3886562528271],[-73.9870517105768,40.3885708264308],[-73.9868824371807,40.3884541067629],[-73.9867390144881,40.3883431585306],[-73.9866064533736,40.3882633710773],[-73.986473848424,40.3881892411204],[-73.9863079756311,40.3881121352108],[-73.9861877326466,40.3880580226069],[-73.9860770699307,40.3880114187914],[-73.9859937149143,40.3879785593915],[-73.9858830285568,40.3879350994323],[-73.9857983027636,40.387902233797],[-73.9857264066605,40.3878728620137],[-73.9856229637591,40.3878294853554],[-73.9855473174251,40.387795075616],[-73.9854750071511,40.3877567007773],[-73.9854063877777,40.3877145491554],[-73.9853417960314,40.3876688275995],[-73.9851487402743,40.3875222422668],[-73.9850035445254,40.3874568250306],[-73.9845981175333,40.3873047508378],[-73.9843250364937,40.3872017255179],[-73.9842823597919,40.3871885839765],[-73.9842375831106,40.3871805020137],[-73.9841917259065,40.3871776636361],[-73.9841458322363,40.3871801334665],[-73.9841009469871,40.3871878552729],[-73.9840580920872,40.3872006532484],[-73.9840182432401,40.3872182360141],[-73.9839823077109,40.3872402032527],[-73.9839609126207,40.3872552917321],[-73.9839403307384,40.3872653872501],[-73.9839164734884,40.3872694876154],[-73.9838922215882,40.3872670977168],[-73.9838705034089,40.38725850613],[-73.9838655678922,40.3872556254579],[-73.9838495189881,40.3872457151924],[-73.9838264008174,40.3872333245195],[-73.983812128267,40.3872266320723]]}},{"type":"Feature","id":403722,"properties":{"OBJECTID":403722,"PRIMENAME":"Grand Tour","ELEVTYP_F":0,"ELEVTYP_T":0},"geometry":{"type":"LineString","coordinates":[[-73.9970787849648,40.3919270156778],[-73.9969043673801,40.3919574012184],[-73.9968529787497,40.3919646999284],[-73.9968026354487,40.3919754443404],[-73.9967537318552,40.391989550285],[-73.9967066510696,40.3920069072595],[-73.9966617619138,40.3920273792932],[-73.9966194160414,40.3920508060126],[-73.9965799451841,40.3920770038977],[-73.9965436585517,40.3921057677196],[-73.9964348860358,40.3922000012387],[-73.996304575654,40.3922895484589],[-73.9961833552162,40.3923487159088],[-73.996001276978,40.3923963635588],[-73.9957729549964,40.3924584483403],[-73.9955643658989,40.3925086032707],[-73.995387135308,40.3925679065073],[-73.9951864469771,40.3926120879412],[-73.9950015387665,40.3926473261057],[-73.9948285285682,40.392667597728],[-73.9946515888308,40.3926878510177],[-73.9943882010964,40.392710729722],[-73.9942152579844,40.3927219888837],[-73.9940423372972,40.3927302442398],[-73.9938498853229,40.392723393822],[-73.9936694005284,40.3926925654252],[-73.9934771974437,40.3926526744824],[-73.9932104654948,40.3925974374845],[-73.9930063643773,40.3925725118384],[-73.9928062153841,40.3925445995219],[-73.9926138554351,40.3925257328717],[-73.9924294648701,40.3924918817574],[-73.9922764577427,40.3924641763403],[-73.9921665961688,40.3924456711452],[-73.9920607957851,40.3924062059045]]}},{"type":"Feature","id":403723,"properties":{"OBJECTID":403723,"PRIMENAME":"Command Loop","ELEVTYP_F":0,"ELEVTYP_T":0},"geometry":{"type":"LineString","coordinates":[[-73.9920607957851,40.3924062059045],[-73.9923138533597,40.3922856799423],[-73.9924398501848,40.3922101710309],[-73.9926049943654,40.3921050711056],[-73.9927876620194,40.3919702842489],[-73.9929310564218,40.3918816233583],[-73.9930139501954,40.3917860827243],[-73.9930881946089,40.3916905041131],[-73.9931287091012,40.391603598508],[-73.9931528363912,40.3915609091439],[-73.9931840497419,40.3915209952353],[-73.9932218142899,40.3914845407209],[-73.9932654829176,40.3914521702606]]}},{"type":"Feature","id":403724,"properties":{"OBJECTID":403724,"PRIMENAME":"Battery Loop Trail","ELEVTYP_F":0,"ELEVTYP_T":0},"geometry":{"type":"LineString","coordinates":[[-73.9891825068015,40.3900878900386],[-73.989385955498,40.389896395823],[-73.989626345511,40.3896316294197],[-73.989659481411,40.3895928779853],[-73.9896897168139,40.3895527639071],[-73.9897169561584,40.3895114139758],[-73.9897411133529,40.3894689588885],[-73.9897621120488,40.3894255328347],[-73.9897798858805,40.3893812730729],[-73.9897943786763,40.3893363194966],[-73.9898055446347,40.3892908141916],[-73.9899365261611,40.3886595832885],[-73.9899508384585,40.3886069097155],[-73.9899716204596,40.3885555117278],[-73.9899986847401,40.3885058528267],[-73.9900317872247,40.3884583808293]]}},{"type":"Feature","id":403726,"properties":{"OBJECTID":403726,"PRIMENAME":"Command Loop","ELEVTYP_F":0,"ELEVTYP_T":0},"geometry":{"type":"LineString","coordinates":[[-73.9936962432199,40.3913525438025],[-73.9937756130598,40.3913386800386],[-73.9938546206025,40.3913102710452],[-73.9939390515713,40.3912750399419],[-73.9940630026712,40.391223550356],[-73.99410599599,40.3912109817416],[-73.9941345797405,40.3912046768894],[-73.9941641420465,40.3912021301708],[-73.9941938439827,40.3912034138572],[-73.9942228426617,40.3912084915198],[-73.994250315153,40.3912172190638],[-73.9942754818356,40.3912293488171],[-73.9942976285224,40.3912445365588],[-73.9943161267271,40.3912623512875],[-73.9943930232468,40.3913507929744],[-73.9944114077805,40.391376707343],[-73.9944234503322,40.3914047139533],[-73.9944287644386,40.3914339140505],[-73.9944271795568,40.3914633705784],[-73.994418746538,40.3914921382506],[-73.9944037359973,40.3915192938853],[-73.9943826296302,40.391543966032],[-73.9943561047551,40.3915653629362],[-73.994143540219,40.3917086235496],[-73.9940732701667,40.3917658258052],[-73.9940027798741,40.3918230081401],[-73.9939823661825,40.3918378209305],[-73.9939599250768,40.3918508064609],[-73.9939357348349,40.3918618037053],[-73.9939100954256,40.3918706762931],[-73.9938833247881,40.3918773142005],[-73.9938557548899,40.3918816351145],[-73.9938277276097,40.3918835854538],[-73.9937995904982,40.3918831410335],[-73.9934575630224,40.391863131465],[-73.9934298830336,40.3918594195665],[-73.9934036633095,40.3918516869915],[-73.9933798926811,40.3918402253606],[-73.9933594676147,40.3918254669293],[-73.9933431584034,40.3918079682859],[-73.9933315801164,40.3917883893604],[-73.9933251694035,40.3917674685362],[-73.993324168028,40.3917459948036],[-73.993340724285,40.3915407963258],[-73.9933374327555,40.3915164951559],[-73.9933328662387,40.391489116305],[-73.9933225327116,40.3914675492543],[-73.9933101750471,40.3914612932766],[-73.9932882629666,40.3914568201342],[-73.9932654829176,40.3914521702606]]}},{"type":"Feature","id":403727,"properties":{"OBJECTID":403727,"PRIMENAME":"Command Loop","ELEVTYP_F":0,"ELEVTYP_T":0},"geometry":{"type":"LineString","coordinates":[[-73.9932654829176,40.3914521702606],[-73.9932876286403,40.3914386471869],[-73.9933108114608,40.3914261816443],[-73.9933349451245,40.3914148200123],[-73.9933599398391,40.3914046045631],[-73.9933857026088,40.3913955733043],[-73.9934121375803,40.3913877598376],[-73.9934391463995,40.3913811932338],[-73.9934666285773,40.3913758979246],[-73.9934928205104,40.3913714959267],[-73.9936183932329,40.3913522029159],[-73.9936962432199,40.3913525438025]]}},{"type":"Feature","id":403728,"properties":{"OBJECTID":403728,"PRIMENAME":"Battery Loop Trail","ELEVTYP_F":0,"ELEVTYP_T":0},"geometry":{"type":"LineString","coordinates":[[-73.9883196806202,40.3909927470454],[-73.988225961479,40.390832105162],[-73.9881016788807,40.3906443815567],[-73.9879574723726,40.3904666874185],[-73.9878464602786,40.3902739624764],[-73.987708794514,40.3901064148161],[-73.9875315883654,40.3899184552062],[-73.9874271559313,40.3897308188208],[-73.9872763755919,40.3895480357578],[-73.987079017437,40.3894004565036],[-73.9868815461429,40.3892680531523],[-73.9865388376075,40.3890945342429],[-73.9863017897057,40.3889467774157],[-73.9861173979478,40.388834665616],[-73.9857241932834,40.3886373977664],[-73.9854916474318,40.3884727118834],[-73.9852874891642,40.3883503938767],[-73.9849777911512,40.3881871341858],[-73.9847143639576,40.3880291396725],[-73.9845235158712,40.3878967617908],[-73.9843195925967,40.3877440896224],[-73.9841882476818,40.387617035434],[-73.9840900179781,40.3874850699239],[-73.983978365447,40.3873783372097],[-73.983812128267,40.3872266320723]]}},{"type":"Feature","id":403729,"properties":{"OBJECTID":403729,"PRIMENAME":"Battery Loop Trail","ELEVTYP_F":0,"ELEVTYP_T":0},"geometry":{"type":"LineString","coordinates":[[-73.9884777404524,40.3912144578958],[-73.9883980458883,40.3911528129581],[-73.9883196806202,40.3909927470454]]}},{"type":"Feature","id":403947,"properties":{"OBJECTID":403947,"PRIMENAME":"Unnamed Segment","ELEVTYP_F":0,"ELEVTYP_T":0},"geometry":{"type":"LineString","coordinates":[[-73.9827449855449,40.3937389145683],[-73.9826848812364,40.393738545723],[-73.9826610701448,40.3937383995682],[-73.9826465065574,40.3937358536128],[-73.982632150055,40.3937326940317],[-73.9826180448281,40.3937289305503],[-73.9826042342938,40.393724574753],[-73.9825907609623,40.3937196400473],[-73.9825776663055,40.3937141416227],[-73.9825649906298,40.3937080964038],[-73.9825527729521,40.3937015229984],[-73.9825410508791,40.3936944416399],[-73.9825298604925,40.3936868741254],[-73.9825192362368,40.3936788437484],[-73.9825092108143,40.393670375227],[-73.9824998150838,40.3936614946281],[-73.9824910779658,40.3936522292869],[-73.9824830263538,40.3936426077228],[-73.9824756850308,40.3936326595517],[-73.9824160259048,40.3935601600809]]}},{"type":"Feature","id":403948,"properties":{"OBJECTID":403948,"PRIMENAME":"Unnamed Segment","ELEVTYP_F":0,"ELEVTYP_T":0},"geometry":{"type":"LineString","coordinates":[[-73.9824160259048,40.3935601600809],[-73.9821314264057,40.3934655801633],[-73.982118346122,40.3934602262239],[-73.982106220159,40.3934536896309],[-73.9820952304808,40.3934460684735],[-73.9820855420001,40.3934374771162],[-73.9820773001032,40.3934280444823],[-73.9820706284687,40.3934179121194],[-73.9820656272114,40.3934072320753],[-73.9820623713803,40.3933961646162],[-73.9820609098317,40.3933848758221],[-73.9820612644971,40.3933735350941],[-73.9820634300535,40.3933623126125],[-73.9820673740031,40.3933513767832],[-73.9820730371621,40.3933408917105],[-73.9820803345475,40.3933310147344],[-73.9820891566534,40.3933218940698],[-73.982099371094,40.3933136665822],[-73.9821067286188,40.3933084244698],[-73.9821196083233,40.3933005929527],[-73.9821339281439,40.3932943934709],[-73.9821493374833,40.3932899778084],[-73.9821654590693,40.3932874540754],[-73.9821818981918,40.3932868840612],[-73.9821982523661,40.3932882817217],[-73.9822141211878,40.3932916128376],[-73.9822291161351,40.393296795852]]}},{"type":"Feature","id":403949,"properties":{"OBJECTID":403949,"PRIMENAME":"Unnamed Segment","ELEVTYP_F":0,"ELEVTYP_T":0},"geometry":{"type":"LineString","coordinates":[[-73.9822291161351,40.393296795852],[-73.9822391788618,40.3933016127386],[-73.9822484674316,40.3933072660796],[-73.9822568634776,40.3933136838334],[-73.982264260007,40.3933207842169],[-73.9822744181869,40.3933317535945],[-73.9822861725709,40.3933448436437],[-73.982297426956,40.3933581881129],[-73.9823081719284,40.3933717758405],[-73.9823183985006,40.3933855954615],[-73.9823280981184,40.3933996354168],[-73.9823372626686,40.3934138839631],[-73.9823458844853,40.3934283291826],[-73.9823539563567,40.3934429589929],[-73.9824160259048,40.3935601600809]]}},{"type":"Feature","id":403950,"properties":{"OBJECTID":403950,"PRIMENAME":"Unnamed Segment","ELEVTYP_F":0,"ELEVTYP_T":0},"geometry":{"type":"LineString","coordinates":[[-73.9822291161351,40.393296795852],[-73.9822595687099,40.3932404429864],[-73.9822561749868,40.3931723202812],[-73.9822540751843,40.3931590172896],[-73.9822491615343,40.39314615523],[-73.9822415660328,40.3931340796142],[-73.9822314927181,40.3931231148275],[-73.9822192121892,40.3931135554151],[-73.9822050543363,40.3931056581699],[-73.9821893994798,40.3930996352339],[-73.9821726681534,40.3930956484],[-73.9820041613841,40.393066828751],[-73.9818736358182,40.3929450660859],[-73.9818454934838,40.3929216648956],[-73.9818140579811,40.3929008582714],[-73.9817797359138,40.3928829153354],[-73.981742971221,40.3928680681696],[-73.9817042394345,40.3928565088135],[-73.9816640415287,40.3928483867809],[-73.9816228974404,40.3928438071254],[-73.9815813393447,40.3928428290822],[-73.9813697208859,40.3928470570479]]}},{"type":"Feature","id":403951,"properties":{"OBJECTID":403951,"PRIMENAME":"Unnamed Segment","ELEVTYP_F":0,"ELEVTYP_T":0},"geometry":{"type":"LineString","coordinates":[[-73.9828037484225,40.3929464991622],[-73.9828631993275,40.392948886065],[-73.98317874279,40.3929615557298],[-73.9831938079232,40.3929637461276],[-73.9832080613475,40.3929680716778],[-73.9832209904777,40.3929743768239],[-73.9832321303528,40.3929824348186],[-73.983241080357,40.3929919558783],[-73.9832475186268,40.393002597604],[-73.9832512136259,40.3930139772948],[-73.9832520324723,40.3930256857108],[-73.9832389166646,40.3932669291308],[-73.9832400036947,40.393287478921],[-73.9832454626046,40.3933076175345],[-73.9832551470124,40.3933268049354],[-73.9832687972249,40.3933445265953],[-73.9832860472012,40.3933603072904],[-73.9833064343682,40.3933737238456],[-73.9833294120251,40.3933844164824],[-73.9833543640033,40.3933920984667],[-73.9837213315406,40.3934818806748]]}},{"type":"Feature","id":403952,"properties":{"OBJECTID":403952,"PRIMENAME":"Unnamed Segment","ELEVTYP_F":0,"ELEVTYP_T":0},"geometry":{"type":"LineString","coordinates":[[-73.982792716901,40.3933531287889],[-73.9828115096076,40.3933536118277],[-73.9828857370837,40.39335552082],[-73.9831700722419,40.3934245122416],[-73.9831933127563,40.3934316748303],[-73.9832148703126,40.3934414409706],[-73.9832342495585,40.393453586255],[-73.9832510051944,40.3934678316082],[-73.9832647522057,40.3934838496986],[-73.9832751747095,40.3935012724607],[-73.9832820332134,40.3935196995515],[-73.9832851701185,40.3935387075504],[-73.9832906919193,40.3936236727458],[-73.9832944158742,40.3936482404803],[-73.9833023194775,40.3936722230333],[-73.9833142663512,40.393695206569],[-73.9833300503475,40.3937167944898],[-73.9833493991054,40.3937366142802],[-73.9833719787504,40.3937543239349],[-73.9833973996559,40.3937696178601],[-73.983425223166,40.3937822321473],[-73.9834495322876,40.393791661493]]}},{"type":"Feature","id":403953,"properties":{"OBJECTID":403953,"PRIMENAME":"Portland Road","ELEVTYP_F":0,"ELEVTYP_T":0},"geometry":{"type":"LineString","coordinates":[[-73.9825558805449,40.3946938836433],[-73.9825872001886,40.3945236861549],[-73.9826703847842,40.394242871404],[-73.982696431813,40.3941000190129],[-73.9827226235299,40.3939380898455],[-73.9827449855449,40.3937389145683]]}},{"type":"Feature","id":403954,"properties":{"OBJECTID":403954,"PRIMENAME":"Portland Road","ELEVTYP_F":0,"ELEVTYP_T":0},"geometry":{"type":"LineString","coordinates":[[-73.9827449855449,40.3937389145683],[-73.9827465176543,40.3937252658764],[-73.9827493644759,40.3936999012001],[-73.9827892178448,40.3933807619718],[-73.982792716901,40.3933531287889]]}},{"type":"Feature","id":403955,"properties":{"OBJECTID":403955,"PRIMENAME":"Portland Road","ELEVTYP_F":0,"ELEVTYP_T":0},"geometry":{"type":"LineString","coordinates":[[-73.982792716901,40.3933531287889],[-73.9828091263227,40.3932235528491],[-73.9828162120891,40.3931092488338],[-73.9828037484225,40.3929464991622]]}},{"type":"Feature","id":420866,"properties":{"OBJECTID":420866,"PRIMENAME":"FR RT 36 SB to CO 8","ELEVTYP_F":0,"ELEVTYP_T":0},"geometry":{"type":"LineString","coordinates":[[-74.000465127145,40.4039521614325],[-74.0003936068831,40.4038681522062],[-74.0003383692956,40.4038111163625],[-74.0003107835198,40.4037684193226],[-74.0002944001779,40.4037257715901],[-74.0002834795387,40.4036973388732],[-74.0002791883471,40.4036512020739],[-74.000287241392,40.4036116122491]]}}]}
